userName,score,content,at,sentiment
Rasya RASYA putra.Z,5,thanks sportify because you can make my mod change ğŸ˜Šâ˜ºï¸,2025-05-04 14:52:04,positive
Djunaedi Sobontoro,4,bagus ğŸ‘ğŸ»,2025-05-04 14:51:25,positive
M Zuhdy,5,kerennnn mntpppp,2025-05-04 14:47:14,positive
Arya Damar,4,keren,2025-05-04 14:41:20,positive
Viviana,5,sangat menarikkk,2025-05-04 14:36:08,positive
Julio Manek,5,bagus banget,2025-05-04 14:35:01,positive
Dandi s,5,ğŸ‘,2025-05-04 14:30:26,positive
Jihan Dita0415,5,bagus aja,2025-05-04 14:26:12,positive
Mas Ula,1,tidak sesuai dengan yang di inginkan,2025-05-04 14:19:41,negative
TyBobi,5,I LOVEEE SPOTIFY,2025-05-04 14:13:30,positive
Alya Vivo,5,aku suka lagunya asikkk bangetttt lepyou,2025-05-04 14:04:01,positive
Salsa Bila,5,keren,2025-05-04 13:58:13,positive
Paksurat Paksurat,5,i love spotify,2025-05-04 13:55:35,positive
Cipta Lagu,5,cinta lagu,2025-05-04 13:54:00,positive
Valencia Lim,5,lumayanğŸ«¶ buat saya sih 1. lagu lengkap 2.lagu nya full (gk kepotong2) 3.jarang ada iklan tp terkadang suara nya kdg kdg gak ada,2025-05-04 13:53:45,positive
Falah Ganteng,5,sangat menarik,2025-05-04 13:47:52,positive
Alung Dharma wijaya,1,Mantab no debat,2025-05-04 13:47:19,negative
Budi Budi Jogya,5,ok,2025-05-04 13:34:20,positive
Supristiwati Supristiwati,5,sangat memuaskan.,2025-05-04 13:28:36,positive
Danish Husein,1,"loading play lagu sangat sangat lama, dan sekarang terdapat limit penggunaan.",2025-05-04 13:22:50,negative
Yuli Nar,5,Bagus sekaliii!!!,2025-05-04 13:17:21,positive
ALWI SYABAN,5,karena hampir semua lagu ada di sfotify,2025-05-04 13:16:44,positive
Dyoniel Feraril,5,Nih apl mntp lah ada teksnya jadi bisa ikut nyanyi tanpa salah,2025-05-04 13:16:12,positive
Alden Tarigan,5,"Kualitas suara sudah sangat bagus, banyak promo premium dll. Worth dah pokoknya",2025-05-04 13:12:04,positive
Sahid Maulana Febriyanto,5,menyenangkan,2025-05-04 13:03:36,positive
Gabriel,4,"akhirnya bisa dengarkan musik dengan HP yang mati, tapi harus bayar sihh klo itu pun premium",2025-05-04 13:02:24,positive
Saida Ain,5,bagus banget sukaaa sama Spotify,2025-05-04 12:52:35,positive
Pino Kiyo,1,masih ada bak di musik nya habis iklan malah lagu yang lain gak bisa di klik malah balik ke lagi yang udah di klik sebelum iklan,2025-05-04 12:51:13,negative
Hasni Hasni2025,5,bagus cuma terbatas mau buka yang premium tapi tak ada uang,2025-05-04 12:44:47,positive
Salman,5,baik,2025-05-04 12:41:21,positive
Fakhri Aditia,5,apk yg sangat bagus saya menyukai nya,2025-05-04 12:39:57,positive
al ryota,5,bagus,2025-05-04 12:38:42,positive
fifah deli,5,bagus bange',2025-05-04 12:35:22,positive
Piter Garuda wiratama,1,terlalu banyak iklan premium,2025-05-04 12:34:18,negative
Vill,2,kikir nya di kurang kurangi yah,2025-05-04 12:34:13,negative
Raisya Raisya,5,god job spotifyğŸ™Œ,2025-05-04 12:29:20,positive
Yuli Ana,5,Karena bagus,2025-05-04 12:23:54,positive
Natshir Phepoe,5,"aplikasi yg sangat bagus, bisa nikmatin lagu setiap hari... pokoknya aplikasi ini paling bagus dan mantep sih pokoknyağŸ¤©ğŸ‘ğŸ»",2025-05-04 12:23:02,positive
sokhib ashari,5,lagu nya bagus,2025-05-04 12:21:53,positive
Valent Kawaii,2,"bagus, tapi dikit-dikit harus premium",2025-05-04 12:17:16,negative
Indah Pratiwi,1,tibaÂ² bgt nyedot saldo tanpa persetujuan. nyesel pernah make premium,2025-05-04 12:16:34,negative
Oggyhome,5,keren,2025-05-04 12:16:03,positive
Syifa Nareswari,1,apalah iklan mulu + dikit dikit premium,2025-05-04 12:14:23,negative
Putri Azahra,5,"SPOTIFY SELALU ADA DI MANAPUN DAN KAPANPUN,SPOTIFY SELALU BISA BUAT SUASANA KITA APAPUN ITU!!!! YEAYY SUKAAA LOV SPOTIFY",2025-05-04 12:14:11,positive
Fatir Arya,5,bagus,2025-05-04 12:12:45,positive
Yoga Adewardana,1,terlalu maksa untuk pindah ke premium,2025-05-04 12:11:39,negative
itjan junior,5,my subscribe changes suddenly from student to premium duo.,2025-05-04 12:08:31,positive
Carlos Nabot,5,asik,2025-05-04 12:06:10,positive
Fahriza Aulia Rahman,1,bug gak diperbaikin TAPI premium di UP TO DATE???,2025-05-04 12:02:09,negative
Naya Namira,5,berguna bangetttt dan ğŸ‘bagusnya,2025-05-04 12:01:53,positive
Edi Firdaus,2,ini kok Spotify aku kok pas dengaren music lalu main game kok malah mati sendiri apa lagi pas mulai game nya selalu mati sendiri ini mohon developer nya di perbaiki : ),2025-05-04 11:51:58,negative
Trisno Trisno,5,bagus,2025-05-04 11:43:09,positive
Riko Purnama,5,luar biasa,2025-05-04 11:42:04,positive
Rahma Navalia,5,Seru,2025-05-04 11:35:39,positive
9.5_Muh Anugrah Halim_13,5,sangat memuaskan tolong diskon nya,2025-05-04 11:25:15,positive
almira plmira,5,"sngt baguss, dan lancar....",2025-05-04 11:20:34,positive
Susi Susi,5,saya sangat suka aplikasi Spotify ini karena kalau saya lagi galau bisa dengerin lagu di sini,2025-05-04 11:20:17,positive
DZAKWANALTHAF RAUDI,5,terimakasih telah sponsor barca,2025-05-04 11:19:38,positive
Dino Andika,2,baguss,2025-05-04 10:52:58,negative
Alesha Boana,5,enakkkk bangetttt,2025-05-04 10:51:11,positive
Budi Stay,4,bagus,2025-05-04 10:47:46,positive
AHMAD 05,1,"banyak iklan,wajib beli premium",2025-05-04 10:38:00,negative
Mubarokah,5,aplikasi ini yang paling terbaik,2025-05-04 10:32:16,positive
fadilah mubarok,1,cuma perkara milih lagu doang harus bayar ğŸ—¿,2025-05-04 10:21:07,negative
Eris Nawati,5,Terimakasih untuk aplikasi ini saya memang suka musik saya temukan Spotify .Poko ya keren,2025-05-04 10:20:39,positive
Saskia Kapuas,5,puas,2025-05-04 10:16:32,positive
Fadli Hidayatullah,5,"aplikasi ini bagus banget kalo buat dengerin musik,apalagi hmpir semua lagu yang gua cari ada semua di aplikasi ini,pokok ny the best deh aplikasi ny",2025-05-04 10:10:33,positive
randi putri,5,aku suka soalnya di SPOTIFY ini ada lagu kesukaan ku jadi kalian langsung aj downlod ğŸ‘¦ğŸ‘”ğŸ‘‘ğŸ‘ğŸ’‹,2025-05-04 10:06:22,positive
syahrul bayu,5,"Suka meskipun masih ada lagu yg belum bisa di dpt, Di maklumin lah Krn yg di pake gratisan, smoga gratisan nya ga di ubah aja jadi berbayar hehe",2025-05-04 10:05:37,positive
eny yuliana,5,dengerin musik yg asik ya spotify,2025-05-04 10:00:03,positive
yanti rita,5,aplikasinya bagus. good good good,2025-05-04 09:54:44,positive
Sovi Dwi damayanti,5,ğŸ‘ğŸ‘ğŸ‘,2025-05-04 09:52:01,positive
Zulfi Rpp,5,good aplication,2025-05-04 09:48:43,positive
Setiawan Susantoso Situmorang,5,Good,2025-05-04 09:48:08,positive
Rappang 123,5,ok,2025-05-04 09:36:05,positive
ZhanXD,5,ini aplikasi bagus buat tidur dan lain lainnya tapi tolong kurangi iklannya karena setiap selesai lagunya iklan langsung,2025-05-04 09:29:56,positive
Daania Prasetyo,4,"suka banget dengerin lagu lewat aplikasi ini. sayang banget, dikitâ€™ harus premium. yang kurang masuk akal menurut saya itu kalau mau pilih lagu pasti harus jelajahi premium, apalagi suka ke putar luar playlist. untuk rekomendasi gapapa, tapi kalau mau pilih lagu lain, habis itu disuruh buat beli premium kan agak gimana yaa.. tapi sejauh ini aplikasinya bagus, banyak lagu-lagunya. tapi tolong di benerin ya. kasian aku kalau mau galau ehehe ğŸ™ˆğŸ™ˆğŸ™ˆ bintang 4 deh",2025-05-04 09:29:48,positive
mebi sandi,5,dengerin lagu slalu guna spotify.. kualitas suara ok... komplit dan ga pernah ngecewain,2025-05-04 09:25:26,positive
Sudar Dar,5,bagus,2025-05-04 09:02:37,positive
Khumairo Emeliana p,5,"bagus pollll, jadi bikin semangatt kalau lgi kerjain tugass",2025-05-04 08:58:52,positive
Coc 017,5,Ok,2025-05-04 08:46:02,positive
Muthi'ah Addiina Fasha,5,woy alig dah bayar 4 bulan malah cuman bisa dipake seminggu kau kira 54 ribu cem daun apa? gimana dong duit jajan itu woy mau misuh entar di blok tolong ya cepat diperbaiki gak mau tau aku,2025-05-04 08:42:02,positive
Dyah Prita,5,lagunya lengkap,2025-05-04 08:31:16,positive
Rifki,2,katanya g ada iklannya kok masih ada sih,2025-05-04 08:18:29,negative
Arkanadarendra Daren,5,Saya sangat suka dengan aplikasi ini kedepan nya tolong di updet ya makasih,2025-05-04 08:14:22,positive
Benedictus Yosep padji,5,nih sangat bagus banget,2025-05-04 08:14:08,positive
Mu'sodah,4,di aku gk bisa di ulang lagi,2025-05-04 08:13:42,positive
Zulyandri Pku,5,"musik nya bagus 2 lengkap apa yg mau di play menurut selera musik masing 2 demikianlah informasi saya presentasi kan dan dalam tempo yg bersinergi ,",2025-05-04 08:13:05,positive
subhana beno,5,Harusnya bisa download tanpa harus berbayar,2025-05-04 08:12:36,positive
Febian prasetyo,5,ğŸ‘ğŸ‘ğŸ‘ğŸ‘ğŸ‘,2025-05-04 08:10:32,positive
Azka Motor,3,"lansung uninstal,kecewa,mau memutar lagu harus beli",2025-05-04 08:09:05,neutral
devi eko,5,"gas, galau",2025-05-04 08:01:00,positive
ryok1ng 666,1,semua nya berbayar yang gratis hanya sedikit,2025-05-04 07:58:02,negative
Reza Za,5,gak jelek,2025-05-04 07:49:51,positive
Toko Kita 1,4,aplikasi nya bagus tetapi lirik lagu nya kosong atau tidak terlihat padahal dulu lirik lagu nya terlihat. sudah saya update tapi lirik nya tetap saja tidak ada ğŸ˜¢,2025-05-04 07:48:32,positive
Anca,5,mantap,2025-05-04 07:45:47,positive
Nurul Ikhsan,1,"mau ganti lagu tapi terbatas, klo mau ganti harus premium, udah bagus yang dulu, sekarang apa apa harus premium, hadeeeh",2025-05-04 07:42:27,negative
Zain malik Kosasih,3,Gaada fitur puter berulang kaliğŸ’”,2025-05-04 07:37:13,neutral
Wilia Putri,5,"I was able to discover music because of you, Spotify",2025-05-04 07:26:21,positive
MILKU,5,good,2025-05-04 07:21:46,positive
Bagus Wahyoni,5,baik dan bagus,2025-05-04 07:01:29,positive
Tiann,2,kok saya gabisa instal sportify ya,2025-05-04 07:00:47,negative
Sri Indrawati,5,baik,2025-05-04 06:56:47,positive
Bayu Pratama,5,"terbaik ,the best",2025-05-04 06:37:09,positive
Putri Butet,5,bgus,2025-05-04 06:32:14,positive
Asteriaaa â€œUr Starâ€,5,"kadang suka melenceng dari lagu yg ada di playlist, misal kita mutar lagu di playlist 1 trs lagu berikutnya bisa aja lagu yg ga ada di playlist itu. why?",2025-05-04 06:31:16,positive
Rafly Ramos4,5,tolong buat murah yah premium nya,2025-05-04 06:23:55,positive
Stella,5,good,2025-05-04 06:23:30,positive
Bagus Aji,4,ok,2025-05-04 06:22:26,positive
Halwamei 123,5,lagu nya bagus tapi lagu kasih aba aba tapi gak papa,2025-05-04 06:20:56,positive
Sutatik,5,music nya banyak varian dan bisa di dengar di mana aja bisa premium jg pokoknya bagus banget dehğŸ‘,2025-05-04 06:20:56,positive
Hanan Aisyah,5,ini bagus dan lengkap lagu nya,2025-05-04 06:18:37,positive
Andi New,5,setiap lagu disini bisa buat mode sad saya aktif,2025-05-04 06:13:39,positive
Adi Adi,5,bikin rileg main gemğŸ˜‹,2025-05-04 06:12:01,positive
Cristian Van Ramos,4,"sebenarnya mau ngasih bintang 5, tapi menurut saya tahun ke tahun kok makin banyak iklan ya? klo bisa toleran dikit untuk pengguna free ya...",2025-05-04 06:08:41,positive
sunthu tham,5,mantap,2025-05-04 05:55:14,positive
Ali Imannudin,5,bagus,2025-05-04 05:49:31,positive
Deevo Haziq09,4,mantapp,2025-05-04 05:45:51,positive
Raisa Phonesel,5,bagus,2025-05-04 05:45:31,positive
Asya Ardenia Rahdian,5,bagus sekali,2025-05-04 05:34:56,positive
John Tarukponno,5,Sangat memberkati. Puji Tuhan,2025-05-04 05:33:08,positive
CCTV keliling,5,ok,2025-05-04 05:28:51,positive
Turisno Catur,4,ğ™–ğ™ ğ™ª ğ™—ğ™–ğ™§ğ™ª ğ™™ğ™¤ğ™¬ğ™¡ğ™¤ğ™–ğ™™ ğ™£ğ™ğ™,2025-05-04 05:19:11,positive
Supri Supriadza,4,ok,2025-05-04 05:11:42,positive
Ani Lestari,4,saya suka bisa dengar lagu sambil main apps lain tapi setelah 1 bulan suka ng pause sendiri gitu,2025-05-04 05:10:20,positive
Ardiansyah Pradana,5,ğŸ‘ğŸ» Tapi iklannya dikurangi yaa,2025-05-04 05:10:20,positive
Eric Alfans,5,bagus,2025-05-04 05:08:19,positive
Kesya Tarigan,5,aplikasinya seru banget,2025-05-04 05:08:02,positive
Andini Maulidina,5,baguss bangettt,2025-05-04 05:06:40,positive
Aldah Ramdani,5,ok lah,2025-05-04 05:06:17,positive
Sunarto Cakto,5,ğŸ‘ğŸ‘ğŸ‘ğŸ‘ğŸ‘,2025-05-04 05:02:57,positive
Rizgiansyah 99,5,sangat memuaskan,2025-05-04 04:46:45,positive
Muti Azza,5,sangatt bagusss dongg,2025-05-04 04:46:04,positive
Patimah Imah,5,sangat bagus,2025-05-04 04:37:33,positive
dfunkoe funk,5,ğ¤ğğ«ğğ§ ğ›ğšğ§ğ ğğ­,2025-05-04 04:15:50,positive
Iris Romy,2,"apalah ni apk, maksa bat buat premium.",2025-05-04 04:01:18,negative
Cha noer,5,mantap,2025-05-04 03:55:20,positive
Abyasa Giezan,5,keren aplikasi musik terbaik,2025-05-04 03:50:09,positive
Aulia Caem,5,seru banyak lagu cuma tidak ada lagu pica pica di tanjung jadi saya pake lagu pica pica biasa saja ngapapa gak ada juga,2025-05-04 03:41:45,positive
Dewi Ayu,5,"sangat Bermanfaat,terimah kasihğŸ¤—ğŸ˜",2025-05-04 03:37:19,positive
Muhammad Sultan Rasya,5,mantapppppppppğŸ‘ğŸ»ğŸ‘ğŸ»ğŸ‘ğŸ»,2025-05-04 03:31:02,positive
Matahari Zahratushifah,5,enak bet,2025-05-04 03:29:28,positive
Bergita Melania,4,selalu update lagu terbaru ğŸ‘,2025-05-04 03:20:12,positive
yayan taufik ot,5,good music,2025-05-04 03:14:09,positive
Azizah Fasyihatunisa,5,"seru banget dengerin lagu di spotify semua lagu yg kamu cari ada di spotify bisa saat mengerjakan PR, kerja,atau beraktivitas Download sekarang juga!",2025-05-04 03:08:59,positive
Andhika surya,1,"liriknya hilangggggggg apalaaaaaa, benerin laaa",2025-05-04 03:05:41,negative
Nãƒ„,4,minus nya di iklan yang lama bgt ğŸ˜tapi secara keseluruhan bagus bgt,2025-05-04 02:55:05,positive
fathimatuz zahro,5,waaww baguss,2025-05-04 02:53:51,positive
Dewi nurmayanti,5,memuaskan,2025-05-04 02:52:34,positive
Hania Ulvayaswina,5,bagus buat denger lagu,2025-05-04 02:51:25,positive
Veti Vera,2,gabisa setel lagu,2025-05-04 02:47:33,negative
Marvin Rozy,5,aplikasi musik terenak,2025-05-04 02:39:41,positive
Miftah Rihhadatulaisy,5,"aplikasi Spotify aplikasi terbagus untuk mendengarkan musik! , dari musik Indonesia sampai musik luar negeri ada semuanya",2025-05-04 02:32:40,positive
Gede Suasrika,5,bagusğŸ‘,2025-05-04 02:30:01,positive
fatmawati fepu,5,good,2025-05-04 02:29:15,positive
Alya Syifha,3,kurang seru karena sekarang saat dibagikan ke ig dia tidak bisa diletakkan di depan backgroundnya mohonnn kalii yaaa tolongg di perbaiki kaya seperti dulu,2025-05-04 02:28:44,neutral
Heru Iswanto,5,amazing app,2025-05-04 02:26:47,positive
alta Boy,5,sayang banyak lagu yang tidak masuk,2025-05-04 02:22:43,positive
Frans Pantung,5,saya pengen yang premium tapi gak bisa,2025-05-04 02:17:17,positive
Reza Nugraha,5,tolong dong ya di perbaiki lirik lagu nya tidak ada.,2025-05-04 02:07:44,positive
Dinda Stianinatasya,5,baguss apk nyaa,2025-05-04 02:03:52,positive
Dewi Atmasari,5,bagus baget aku bisa dengerin lagu old,2025-05-04 02:01:46,positive
Dewi Rahmawati,5,Masya allah... Ana suka banget.... Semoga nggk sering sering iklan selalu yaa.... Terima kasih atas semua layanan kalian... Alhamdulillah ana puas banget.... Syukran kasiraaan yaa ahli dunia...assalamualaikum,2025-05-04 01:46:29,positive
Cek,5,bagus,2025-05-04 01:39:09,positive
Devan Al fatir,5,Aku suka lagi FNUKğŸ¤©,2025-05-04 01:38:00,positive
Ichi Ici,5,enak dengerin nya apalagi sambil main game beh seruu,2025-05-04 01:37:35,positive
Diki Crp,5,keren banget,2025-05-04 01:32:22,positive
Mahardin Rachmita Gayatri,4,sering adakan paket hemat utk berlangganan,2025-05-04 01:28:50,positive
Enotea201,5,mantap n bagus.. sayang banyak iklan.y.. tolonglah d kurangi,2025-05-04 01:18:05,positive
Rifatul Fitria,5,bagus cuma nya banyak iklan nya klo ga premium,2025-05-04 01:06:25,positive
Khanza 01,5,bagus,2025-05-04 00:59:40,positive
Raihan Salsabila,5,sangat bagus lagunya,2025-05-04 00:55:42,positive
Jabal Adi Bagus,5,bisa cari semua lagu,2025-05-04 00:55:39,positive
Soka Wangi,5,ok,2025-05-04 00:54:25,positive
Domika Manalu,2,bagus,2025-05-04 00:52:54,negative
Dewi K,5,Keren,2025-05-04 00:38:11,positive
Sania Ramadani,5,bagus,2025-05-04 00:08:41,positive
Tetehalifia Alifia,5,SANGAT BAGUS SEKALI SAYA SUKA SEKALI,2025-05-04 00:07:20,positive
M. Razfa Alamsyah,5,dan yaaap,2025-05-04 00:07:03,positive
Rosyad Akbar,5,worth it bet dh,2025-05-03 23:40:45,positive
Kurni,5,Apps Spotify mantaap sangat bagus,2025-05-03 23:28:16,positive
Satriany Massiara,1,gk bs masuk aplikasi di hp Oppo A54s ğŸ¤”ğŸ¤¨,2025-05-03 23:21:00,negative
Kadek Winda,5,"sangat bagus untuk mendengarkan lagu,sambil bermain game",2025-05-03 23:14:37,positive
Yopi Kusumayadi,5,mantap dah pokonya,2025-05-03 23:09:21,positive
enyonglulibae luli,5,sangat bagus suka ada sportify menjadikan hari hari tak sepi lagi buat semangat hari,2025-05-03 22:48:24,positive
Top Up,3,kalo ngga premium kayak jadi member yg ga dianggep,2025-05-03 22:40:14,neutral
moh fauzan Moh Fauzan,5,saya suka,2025-05-03 22:21:54,positive
nasar udin,5,gooodddd,2025-05-03 22:13:45,positive
Raifel Karundeng,5,ğŸ‘,2025-05-03 20:37:23,positive
andri nirwana,5,top mantap is the best,2025-05-03 20:20:42,positive
Stock Mexsi,1,apk sampah iklan ga ngotak tutup aja,2025-05-03 20:15:39,negative
Vino Bastian,5,sangat baik,2025-05-03 20:10:47,positive
Inayah Naya,5,bagus,2025-05-03 18:38:38,positive
Neng Mila,4,bgus tpi trlalu bnyk iklan,2025-05-03 18:25:19,positive
Asep Supriadi,5,bagus,2025-05-03 18:19:25,positive
Moyaku Hanasaki Mizumo,5,"Mantab banget, aku suka banget karena disini lengkap banget.. aku hampir setiap hari mendengar lagu anime lewat Spotify",2025-05-03 17:41:49,positive
Dennis Yong,5,sangat muda mencari lagu lagu kesukaan saya,2025-05-03 17:39:03,positive
Superehans,3,dikit dikit iklan,2025-05-03 17:20:12,neutral
Surya Yadi,5,apk nya sangat bagus cocok lah buat santai dengerin musik,2025-05-03 16:57:44,positive
Regy handika Pratama,1,"gw download spotify dari yang belum ada iklan sama sekali, dan sekarang makin gasuka karna baru buka 1 lagu udah iklan, ini sekarang juga belagu nya ini apk udah harus premium baru bisa dengerin semua lagu, fix uninstall sihh.",2025-05-03 16:52:37,negative
alpin reza,5,puas,2025-05-03 16:42:44,positive
michael jibriel,5,dapat mengenang masa muda perjalanan musik dunia... keren!!,2025-05-03 16:40:18,positive
noval mas,5,ini lagi nya bagus,2025-05-03 16:22:08,positive
Secret! Human,5,aplikasi nya sangat bagus dan banyak lagu lagu disana bahkan lagu yang baru tayang aja langsung udh ada tuh di Spotify emang deh aplikasi Spotify bagus banget tidak bosan saya mendengar lagu lagu yg ad di aplikasi in.setiap saya mau hapal lagu saya dari aplikasi in dan yang lebih enak nya lagi ad lirik nya enak banget deh aplikasi nya,2025-05-03 16:02:53,positive
zivi jyz,4,lama bet nginstal nya,2025-05-03 15:57:18,positive
rifqy fauzan,5,Nice,2025-05-03 15:28:29,positive
Keindra Achmad Wirajati,5,bagus,2025-05-03 15:25:36,positive
Sofiya Tiyani,5,good,2025-05-03 15:24:33,positive
Dinda Putri,1,ga suka sama Spotify sekarang. apa apa harus premium mau putar lgu aja harus random klo ga mau random harus premium. itu sama aja nguras harta orang lain. ga kasian apa? apk lain aja ga segitunya. cukup pake data aja klo premium itu harusnya cuma klo mau bisa offline dan bisa download bukannya gini. sorry gue ga suka Spotify sekarang.,2025-05-03 15:24:23,negative
mob zy,1,mangkin kemari mangkin konyol ni spotify pingin mutar lagu pertama yg mau di dengar aja harus prem dulu,2025-05-03 15:18:40,negative
michael rayhan,1,"IKLAN TERUS, GANGGU BANGET GAGUNA",2025-05-03 15:06:42,negative
Mohamad Rosdi Bin Rosli,5,bagus,2025-05-03 15:03:41,positive
Sera Rasella,3,"spotify burik anjir ngebug mulu kebanyakan iklan lagi, satu lagu tiga iklan bangkej, kalau buka aplikasi lain sambil denger lagu juga suka ilang, hampir semua aplikasi, lain kali di perbaiki lagi yh",2025-05-03 14:51:27,neutral
Ragil putra Ragil,5,"sering putar lagu nina, sangking galau nya",2025-05-03 14:50:46,positive
Zulkarnaen Juansah,5,ini disini semua ada tapi yg kurang kalo bisa oplen itu lebih baik sih sekarang harus beli tapi kalo di ulang bisa kalo lagi oplen jadi donlod deh ini sangat sepesal kalo kalian lagi sed dengerin lagu di seportifiay,2025-05-03 14:39:18,positive
Inu Aienun,5,keren,2025-05-03 14:35:13,positive
Badik Keren,5,bagus banyak lagu,2025-05-03 14:26:07,positive
Khaidir,5,mantap,2025-05-03 14:16:04,positive
Zahrah afifah Zafifah,4,ya bgs,2025-05-03 14:13:07,positive
YTTAril ONEsunaeni,1,kebanyakan premium udh tau g ada duit,2025-05-03 14:12:15,negative
Mastura Ijay,5,"bagus dan ada lirik yaaa,jadi bisa yanyi walaupun ga hapal lagu ya heeheheheheğŸ˜ dan itu aja yaaağŸ˜",2025-05-03 14:04:58,positive
Pink Lilac,3,"kenapa sih spotify suka tiba2 mati, baru muter 1 ato 2 lagu tiba2 mati.. awalnya kirain karena spotify saya gak premium jadi suka tiba2 mati tapi pas saya udah pake premium juga tetep aja suka tiba2 mati sendiri, terus sekarang juga gak bisa play lewat notifikasi ğŸ˜¤",2025-05-03 13:59:21,neutral
Afsa Nisa,5,aplikasi nya pas aku pertama nyoba dengerin musik nya jadi ketagihan tapi ke ganggu dikit sama iklan nya tapi gpp ğŸ«¶,2025-05-03 13:56:08,positive
Amira Febriani,5,baguss,2025-05-03 13:54:09,positive
Muhammad Iqbal,5,aplikasinya bagus banget buat dengerin musik kesukaan saya,2025-05-03 13:33:53,positive
Samsung A20,5,"suka banget, semuanya lengkap,",2025-05-03 13:31:22,positive
asep dian,5,mantap,2025-05-03 13:23:30,positive
Bayu Tiyas,4,enakk polll mines nya selalu iklann,2025-05-03 13:18:21,positive
juniar adelia putri,2,"spotify tanggal 1 kemarin saya berlangganan premium yg 3 bulan seharga 54.990 ribu, tapi kenapa belum terupdate premium yah akun spotify sy? terus notif yang muncul di sms malah berlangganan 1 bulan spotify tapi tdk terupdate juga. tolong dong spotify uang saya rugi nihh hampir 70rbğŸ˜­ğŸ˜­ğŸ˜­",2025-05-03 13:00:58,negative
Kuwatno Kuwatno,4,"Bagus, suara nya juga jelas, minusnya terkadang ga ada liriknya dan terjemahannya",2025-05-03 13:00:49,positive
Chat Noir,5,Aplikasinya the best banget! minusnya ini kok beberapa liriknya pada gabisa dibuka? Jadinya harus buka gugel trus search liriknya dong ğŸ˜“ğŸ˜“,2025-05-03 13:00:23,positive
Muhidin Bolot,3,lumayan bagus,2025-05-03 12:59:37,neutral
Suryasmi,5,spoti,2025-05-03 12:59:11,positive
Eksa Yustio,5,"aplikasi ini sangat recommended pagi anak muda yang suka traveling, pokoknya lebih baik ya harus premium ğŸ¥°",2025-05-03 12:57:20,positive
Labib,5,"aku suka aplikasi ini bisa mendengar kan musik sambil bermain game dan membuat bermain game makin asik,dan juga fitur Spotify premium sangat membantu untuk mendengarkan musik tanpa internet",2025-05-03 12:54:44,positive
Rawrsxz,4,"pake penyimpanan tulisannya 14MB tapi habis di download malah jadi hampir 1 GB,,,yang bener aja lah jangan pake tipu Â²padahal aplikasi nya udah bagus jadinya aku kasih 4 bintang aja,,, soalnya kasian yang penyimpanan nya sedikit ğŸ˜…ğŸ™",2025-05-03 12:49:28,positive
Yuda Bahagia,5,terlalu bagus untuk dibilang buruk,2025-05-03 12:48:11,positive
Asep Ramdani,5,sangat cocok untuk saat pikiran lagi kacau,2025-05-03 12:46:58,positive
Humaira Ok,5,bagus,2025-05-03 12:44:44,positive
Bbang Minnie,1,"Aneh banget ini kenapa ya beberapa lagu BTOB yang lama hilang tiba-tiba mana lagu-lagu yang aku suka. Kaget banget padahal biasa dengerinnya itu tiba-tiba tulisannya ""Lagu tidak tersedia""",2025-05-03 12:41:12,negative
Ahmad Ibrahim,5,sangat kerja bagus untuk ngepush CS,2025-05-03 12:35:01,positive
Denny Gultom,5,Spotify da best!!,2025-05-03 12:27:12,positive
Jeco ilham Ramadhan,5,SAYA SKENA ğŸ‘ŠğŸ»ğŸ˜­ğŸ˜­ğŸ˜­ğŸ˜­,2025-05-03 12:25:05,positive
Ica Qaireen,5,aplikasinya bagus,2025-05-03 12:23:40,positive
Rudi Gunawan,5,lagu2 selalu ada saat diketik dr THN 60 an juga SDH ada lagunya,2025-05-03 12:20:41,positive
Nur fellys Meivirahmah,4,well.. apk nya bagus.. waktu gw buka koleksi.. itu ngelag nya minta ampun kocaq.. bukan masalah memo penuh atau bug hp.. uda gw coba ber ulang kali tpi ga bisa.. jadi tolong perbaiki bug nyaa plizz.. sukak bgt ama apk nya,2025-05-03 12:08:27,positive
Assyifa 0304,5,kita bisa mendengar lagu galau atau lagu lain nya,2025-05-03 12:08:17,positive
Azizah,5,"seru banget untuk dengarkan musik,",2025-05-03 12:05:53,positive
Ridho Muhammad,1,kntl dengerin musik doang disuruh memberi dislike,2025-05-03 12:05:08,negative
Rangga Nopal,5,mantap,2025-05-03 11:59:34,positive
Lia Kania,5,bagus,2025-05-03 11:57:50,positive
Diki Prastyo,5,aplikasi yang sangat bagus,2025-05-03 11:52:36,positive
Albert Walid,5,"halo rek,apk ini sangat bagus biasanya saya mendengar lonely",2025-05-03 11:49:45,positive
Yura Sofyan,5,lagu yang di temukan banyak,2025-05-03 11:40:57,positive
zahraaa,4,bagus,2025-05-03 11:40:15,positive
Irawan Fofoki,4,bagus,2025-05-03 11:39:14,positive
Sabia Farzana,5,enak banget,2025-05-03 11:33:46,positive
Zxfan,5,nice,2025-05-03 11:27:43,positive
Jayos Dika,5,bagus walaupun cuma bisa nyimpen 28 lagu,2025-05-03 11:26:34,positive
Faiz Gifullah,1,"lagi asik dengerin iklan, malah kepotong musik.",2025-05-03 11:20:54,negative
Indri Manyun,5,"sangat bagus, menyenangkan",2025-05-03 11:17:58,positive
Garnetha Echa Adinda Orrino,3,dikit dikit bayar woi la kebelet haji,2025-05-03 11:13:15,neutral
Ayudia Dara,5,Keren banget spotify,2025-05-03 11:12:50,positive
Rafly Rauf,1,gila ni aplikasi banyak bet error nya muali keluar sendiri mati sendiri padahal jaringan lagi bagus,2025-05-03 11:12:47,negative
Nanda Malonda,5,sangat bagus,2025-05-03 11:12:24,positive
Syaifuddin zuhri,5,dengerin musik sambil main epep seru bgt,2025-05-03 11:06:02,positive
Gabriel Dyah,1,"deskripsi ap nya bilang (dengerin lagu secara offline) bener tapi di batasi beberapa hari doang terus suruh bayar premium,menurut ku masih ga masalah ,tapi makin lama kok malah makin parah banget skip lagu cuman bisa beberapa kali doang terus suruh tunggu beberapa jam terus di suruh paksa beli premium, sekalian aj ni aplikasi jual aj udh ogah banget gw pindah ap aj gw sekarang ,dengerin lagu kadang tiba tiba pas ganti lagu malah lagu luar bukan lagu dalem playlist mau di berhentiin tapi suruhByr",2025-05-03 10:58:50,negative
Nahda Nf,5,sukaa tapii banyak iklan â˜º,2025-05-03 10:56:28,positive
Nita Nita,5,bagus dan tidak perlu bayar jika hanya mendegar kan nya,2025-05-03 10:53:54,positive
Fajri Handika F,5,Mayan langganannya gak mahal cukk,2025-05-03 10:48:03,positive
Cindy Aulia azahra,5,aplikasi ini bagus saya jadi suka bernyanyi ni,2025-05-03 10:42:53,positive
Almeidy Ziyaullah Azin_10B,4,"gacor, gw cinta bgt ama ni app. tapi masalah gw cuma 1, yaitu ketika gw mau buka lirik (biasa mau sing along....) malah blank, kosong ga ada tulisan bahkan peringatan juga ga ada",2025-05-03 10:38:38,positive
Fatimah Azzahra,5,bagus banget,2025-05-03 10:37:15,positive
Ecy Buncy,5,"SUKAK BANGET SAMA NI APLIKASI, bisa dengerin musik di luar apk, jadi nya seru main game sambil dengerin musikğŸ¤­ APALAGI TAMBAH DENGAN MAIN CHAI/C.AI SUMPAHH INI PENDENGAR MUSIK TERFAVORIT SIH!!!",2025-05-03 10:36:08,positive
Kila Rani,2,apaan dh gua kaga bisa dengerin lagu pas w pencet di paksa masuk premium,2025-05-03 10:30:59,negative
Trisna kage,5,nice,2025-05-03 10:30:35,positive
Rizky Alvian,1,kecewa premium yg 2.500 perhari nya dihilangin/9.700 perminggu juga dihilangin,2025-05-03 10:28:29,negative
Fadhlan Aja,5,mantap gaes,2025-05-03 10:28:14,positive
kevin Samosir,4,"halo, saya sudah pengguna spotify yang lama, saya sangat suka apk ini karna menyediakan lagu yang sangat banyak dan menyediakan liriknya, namun saya akhir akhir ini mendapatkan bug, saya ingin memutar lagu malah ada tulisan ""putar lagu apa saja kapan saja dengan premium"" saya kaget dan sedikit kecewa karna saya kaum gratisan, dan padahal tidak ada fitur pembatas pemutaran lagu per hari mohon perbaiki",2025-05-03 10:25:39,positive
Ayu Dwi Subekti,5,bagus banget aplikasinyağŸ¤©ğŸ¤© sejak pakek spotify kalok dengerin lagu jadi enak bisa sambil ngegameğŸ‘,2025-05-03 10:16:24,positive
Noval Alfiqri,5,karna bagus aplikasinya dan bisa juga nyari lagu yang lain,2025-05-03 10:16:04,positive
Ahmad Fauzi,5,bagus,2025-05-03 10:00:17,positive
Roni Abdulkadir,5,"Musik semua zaman, berarti dan sangat menghibur sekali smg kdepan lebih berjaya lagi.",2025-05-03 09:44:38,positive
Nael Wijaya,5,enak denger lagu dari Hindia kalo lagi nangis( Â´ï½¥Ï‰ï½¥),2025-05-03 09:41:25,positive
Christ Yang,5,sangat bagus,2025-05-03 09:39:29,positive
Ulum Mm,5,mantap,2025-05-03 09:35:33,positive
Alan Panji septia,1,apk ini kenapa harus premium jadi ga bagus lagi padahal kLo gratis trus kan enak jadi mls pake apk ini,2025-05-03 09:28:57,negative
Vabian Azzamy,5,baguz,2025-05-03 09:28:07,positive
dewi nursidiq,5,"bagus, tapi yang ga premium iklan nya di kurangin dikit aja , nanti udah bagus banget tuh. Tapi it's okay lah",2025-05-03 09:24:51,positive
Halid Almazaeni,5,amanah baik,2025-05-03 09:15:13,positive
Rizki Wildan,4,tolong musik nya jangan di hilang kan lagi,2025-05-03 09:01:53,positive
ari lisdianto,3,"ribet, harus premium juga muter lagu yg pengen kita dengerin, akhir nya muter lagu random",2025-05-03 08:55:01,neutral
Mengang Jilap,5,ğš‚ğšŠğš—ğšğšŠğš ğš‹ğšğšğšœ ğšğšŠğš— ğšœğšğšœğšğšŠğš’ ğšğš’ğšğšğš—ğšŠğš”ğšŠğš—,2025-05-03 08:54:47,positive
Iwan HS,5,kualitas suara terbaik,2025-05-03 08:53:29,positive
Ghandy Gendeng,5,bagus sekali,2025-05-03 08:49:03,positive
Sugeng Medan,5,bagus,2025-05-03 08:39:59,positive
Ibra Baim,5,saya suka aplikasinya,2025-05-03 08:24:48,positive
Fransiskus Eldorado T.S,5,bagus banget ada lagi kesukaan ku di sini,2025-05-03 08:13:32,positive
Kayla Niko,5,asik bngt laguÂ²nyaa,2025-05-03 08:13:32,positive
Sejuta Indonesia,5,keren,2025-05-03 08:05:00,positive
Faisal fajar Fajar,1,plis jangan ada suffle aku gak punya uang masa harus beli premium semoga dijawab,2025-05-03 07:52:46,negative
Dafia Zahra,4,iklan Mulu Dan di suru banyar,2025-05-03 07:51:54,positive
Rahel ias Simare mare,5,keren,2025-05-03 07:51:47,positive
Siraj As,4,"yang di janjikan di iklan nya klo daftar Spotify premium kualitas suaranya lebih bagus kek di konser, akhir nya ak cba deh Spotify premium. coba di bandingin suara musik ny sama YouTube go dngn level volume yg sama, masih jauh bnget, lebih full power YouTube go... jd kesimpulan ny jika belum bisa sebanding atau lebih dr aplikasi yg lain ya jngn di janjikan.. gtu bosssku.. thx",2025-05-03 07:48:10,positive
Gabriel Sebastian,5,memang terbaiklah nih,2025-05-03 07:46:20,positive
Zyrex,5,"Update, sekarang spotify anj !!!oke gk bisa mundurin lagu Ini ganti lagu aja nggak bisa tolol padahal 2 tahun pengguna aplikasi ini, kecewa Gw sempat premium 3 bulan dah abis premium-nya sekarang udah stop premium malah nggak bisa ganti, malah suruh premium lagi maunya apa si, apa-apa disuruh premium apa-apa di suruh premium mentang-mentang udah naik daun, kalau apk lain mah gk premium no problem ini dibatasi kalau mau majuin/mundurin lagu dibatasi setiap hari minimal 6 lagu, sorry gw uninstall.",2025-05-03 07:41:25,positive
Alam Nasition,4,bagus aja udh itu aja,2025-05-03 07:20:59,positive
iman lintang pranata,1,"aplikasinya ngebug, iklannya ga muncul muncul",2025-05-03 07:20:00,negative
denis dwi kurniawan,5,good,2025-05-03 07:17:55,positive
Nizam Ramdan fauzi,5,bagus,2025-05-03 07:16:30,positive
Cello Maury,5,bagus bgt,2025-05-03 07:11:31,positive
Khayla Irvina,5,"bagus banget aplikasinya, cuma kadang suka nge lag pas di play 00.00 terus. semoga bisa di perbaiki lagii yaa",2025-05-03 07:08:41,positive
Juned j,5,saya sangat suka menggunakan aplikasi spotify in karena aplikasi ini bisa mendengarkan lagu dengar cara gratis dan premium(bayar).mendengari lagu yg kamu suka bisa tetapi kalo kamu mau mendengari lagu kesukaanmu dengan puas kamu harus membeli premium.ayo donwlod sekarangğŸ‘ğŸ˜‰,2025-05-03 07:07:10,positive
rayhan saputra,2,"ada bug,saat iklan tapi iklannya ga ke puter jadi ya ga bisa denger lagunya dan itu ganggu banget",2025-05-03 07:04:44,negative
Kevin,5,"2 bulan langganan premium puas banget bisa dengerin lagu tanpa terganggu sama iklan, bisa dengerin di kualitas tertinggi juga. harapannya buat kedepan semoga banyak fitur-fitur unik dan baru untuk pengguna premium. semoga juga rencana buat membawa Hi-res audio nya segera di hadirkan yaa..",2025-05-03 07:04:07,positive
Erwin andriansyah Win,5,Sangat ok,2025-05-03 06:59:12,positive
gak tau siapa,1,bikin paket premium mini lagi,2025-05-03 06:52:53,negative
Citra Hernawati,5,saya suka sama spotify saya bisa mendengar kan lagu ğŸ¤ğŸ¶ğŸµ,2025-05-03 06:44:41,positive
Qiqi.valentino@gmail.com Valentino,5,"praktis,gampang nyari laguÂ²nya",2025-05-03 06:35:18,positive
Zalva Dareeta,4,ini kenapa spotify nya jadi terbatas?? tpi bagus kokğŸ‘,2025-05-03 06:21:37,positive
Ari Audrey4Audreya13,5,Boss... Perasaan belum lama update udah update lagi??????!,2025-05-03 06:06:49,positive
Aidil Ibrahim,4,enak aja,2025-05-03 06:06:24,positive
Noyraaa,1,"Tanpa mengurangi rasa hormat, sekarang kenapa fiturnya makin dibatasi? seolah olah dipaksa harus berbayar, saya mengerti perusahaan harus dapat income yang layak, namun makin hari makin kurang suka sama kebijakan spotify sendiri, untuk pemilihan lagu perhari dibatasi, untuk playlist acak masih bisa ditolerir, ini sampai klik musik yang mau diplay juga dibatasi perhari? like what? masalah iklan juga makin menjadi, 1 lagu play 2x iklan setelahnya, dan durasi periklan lama. Kecewa dengan spotify!",2025-05-03 06:04:18,negative
Wildana Damayanti,5,"suka banget, belajar sambil dengerin musik di spotify",2025-05-03 06:03:06,positive
muhammad teguh,5,muantap,2025-05-03 05:53:16,positive
azka azka,5,sangat keren,2025-05-03 05:49:12,positive
Ika Mustika,4,kurang lengkap,2025-05-03 05:38:18,positive
Tumpal Hutabarat,5,mantap,2025-05-03 05:25:16,positive
Tinie Resky,5,bagus,2025-05-03 05:07:50,positive
Jakk,3,"banyak bug akhir"" ini. kayak tiba"" buffering lagunya pdhl jaringan bagus, trus blum kelar lagu tiba"" langsung ada ads. but overall aman lah cuma itu aja",2025-05-03 04:59:49,neutral
Ris Sakit hati,2,saya tidak tahu ntah kenapa kadang suaranya tidak jernih ntah karena hp saya atau emang aplikasinya dan musiknya emang tidak jernih suaranya tolong diperbaiki kalau emang aplikasi yg bermasalah ğŸ™,2025-05-03 04:57:29,negative
Jack Rock,5,good,2025-05-03 04:50:40,positive
Mumuh Muharom,5,sangat bagusss,2025-05-03 04:50:23,positive
fachrur rozi,5,suara bagus dan lagu2nya lengkap,2025-05-03 04:49:42,positive
Hariyanto Hariyanto,4,sayangny banyak iklannya,2025-05-03 04:43:12,positive
Khanifatin hanif,5,mau premium gratis,2025-05-03 04:39:57,positive
Afnan,5,mantap,2025-05-03 04:32:17,positive
Safari Ari,5,keren semua music yg kita inginkan xrmua ada disini..Expresikan gayamu di SPORTIFy,2025-05-03 04:27:25,positive
Fransiska Febuari Lora Lora,5,"aplikasiii iniii enakkk bangetttt buatt dengarr musikkk, thanksss yuuuuuğŸ¤",2025-05-03 04:24:45,positive
fachwanrudy arudy,5,cumzn satu kata MANTAAAABZ,2025-05-03 04:14:09,positive
Kosasih Abdulah,4,mudahnya dengarkan musik sambil tiduran membuat ku lelap,2025-05-03 04:09:54,positive
Kenza Alghivano,5,lagu nya pada bagus bagus seru pulağŸ˜Š,2025-05-03 03:56:18,positive
Arif Rudianto,5,awesome,2025-05-03 03:53:49,positive
Abraham Ryananda,1,"ya gua tau sih di suruh berlangganan cuma jgan baru 1 lagu terus iklan dong, gua juga mau pake fitur premium nya juga ga bisa",2025-05-03 03:51:19,negative
arfa nurhanafi,2,Kagak bisa anjay jadi aku kasih reting segini aja dah lah,2025-05-03 03:47:57,negative
Mat Yasin,4,oke,2025-05-03 03:47:55,positive
Iwan Iwan,5,sangat bagus dan berguna,2025-05-03 03:41:37,positive
arfyansyah Satya pratama,5,mantap,2025-05-03 03:37:31,positive
veiro PR17,5,enak buat epep,2025-05-03 03:35:41,positive
Keke Dewi,5,bisa menemani mood ku dimana saja,2025-05-03 03:30:30,positive
Lies Noor,5,bgus,2025-05-03 03:25:50,positive
Abdul Barr1455,5,gampang nyetel nya,2025-05-03 03:22:00,positive
Erick pdd,5,seruu lagunya,2025-05-03 03:21:01,positive
Miranti Mira,5,lagu nya enak bisa diputar di latar belakang seruh dan semua vidtur cocok jadi 5,2025-05-03 03:18:38,positive
Andri Yansah,3,bagus sih tapi tenyaho,2025-05-03 03:11:18,neutral
Priyono Siswamto,5,pilihan lagu n kualitas lagu yg bagus,2025-05-03 03:06:52,positive
Rayyan Ramadhan lembah,5,bagus keren ğŸ«°ğŸ˜˜ğŸ¥°ğŸ˜ğŸ¤©,2025-05-03 03:06:51,positive
Rena Wati,2,Baguss,2025-05-03 02:59:08,negative
Ayla zahira zaenal,5,banyak lagu favorit saya di SpotifyğŸ’ğŸ’,2025-05-03 02:53:15,positive
rus dani,5,mantap,2025-05-03 02:43:10,positive
Nurhasan,5,"ini sih keren banget, lagu favorite lengkap ada semua sportify pokoknya best apss lah mancappp.",2025-05-03 02:33:18,positive
Dindaalkirmani Kirmani,5,bagus bangetğŸ˜˜ğŸ˜˜,2025-05-03 02:29:08,positive
AZIIZ,1,bisa enggal iklan nya gausah lebayğŸ˜‘,2025-05-03 02:28:43,negative
Hilal Bagas,2,terlalu banyak iklan,2025-05-03 02:28:21,negative
Tari doang doang,5,bagussssss bgttt,2025-05-03 02:21:05,positive
Edis Siregar,5,bagus tidak banyak iklan,2025-05-03 02:18:29,positive
YENNY SIANIPAR,4,"Suka pakek banget,tapi mau ny ada fitur yg bisa nge download tanpa perlu harus bayar/premium..Soalnya gk semua org ada paket terus",2025-05-03 02:08:16,positive
Salwa Cantika,5,baguss bgttt aplikasi nya,2025-05-03 01:47:23,positive
Iyus Kurmayadi,5,cool,2025-05-03 01:47:17,positive
Muhammad Furkan,4,ğŸ‘,2025-05-03 01:43:24,positive
Salwa Ekapati,5,SUKAAA BANGETTTT,2025-05-03 01:43:09,positive
Lionel Khaffi el azham,5,good,2025-05-03 01:19:45,positive
mahfudin 11,5,bagus kata aku mah yaağŸ¤ğŸ’‹,2025-05-03 01:02:03,positive
Nanang Jayarasa,5,jalan2 kemana mana slalu enjoy bersama spotify,2025-05-03 00:57:19,positive
Dicta Freda,5,"bagus, semua lagu ada tapiii, jangan semuanya bayar ya udh sih itu aja",2025-05-03 00:49:02,positive
Mobile Legends,3,baru nyoba aplikasi ini,2025-05-03 00:48:48,neutral
Pantai Cermin,5,ini bagus kali jangan lupa di download nya,2025-05-03 00:46:54,positive
Muhammad Azka raffasya,5,"keren ..lagu""nya kompliit ..bagus",2025-05-03 00:38:03,positive
Elin Kholid,5,bagusssss,2025-05-03 00:33:02,positive
Suliyanto Suliyanto,5,"lagunya baru2 bagus,enak di dengarkn pagi siang malm.",2025-05-03 00:15:44,positive
Ali Tofa,5,"puas poll dengerin hiburan di spotify GK rugi ayo kwn Monggo Ndang download, salam sehat dari Ali tofan taman Sidoarjo.",2025-05-03 00:14:26,positive
Young Darakula,5,love u sptfy,2025-05-02 23:56:24,positive
Opall Ny,5,Keren massehh,2025-05-02 23:20:21,positive
RM iwan channel setiono,5,mantap,2025-05-02 23:17:54,positive
Hanum Sucipto,5,baguss bingiittttt,2025-05-02 23:15:25,positive
Hafiza Andhini,5,mantab,2025-05-02 22:58:08,positive
Kama Riah,1,jelek banget,2025-05-02 22:51:59,negative
Belut Cipari,5,ini sangat bagus,2025-05-02 22:42:34,positive
Pebriansah Arizal,4,aplikasi nya sangat membantu cuma ada - nya sedikit iklan nya terlalu alay,2025-05-02 21:21:31,positive
Claudio Sarmento,5,sangat baik,2025-05-02 21:20:04,positive
TIO TRI SUSANTO TIO,4,baik,2025-05-02 20:53:45,positive
Debcikan,1,sekarang kesannya maksa banget harus premium trs spotify premium mini udh ga ada kalo yg denger musik jarang jadi sayang banget kalo harus premium bulanan,2025-05-02 20:42:40,negative
irmawati bukhairi,5,biasa a,2025-05-02 20:11:11,positive
Kuya kayy faryala,5,baik,2025-05-02 19:47:43,positive
Ameu Ameurudding,5,terimakasih banyak lagunya asik bosku,2025-05-02 19:07:31,positive
Gody Naimnule,5,The best,2025-05-02 18:49:21,positive
triplek keplek,5,mantap nihh,2025-05-02 18:30:30,positive
Yeriko Sambul,5,pokoknya aplikasi yang rekomen bngtt..,2025-05-02 17:47:25,positive
AZLINA Lina,5,semua lagu yang saya ingin kan semua ada sangat bagus buatku,2025-05-02 16:57:25,positive
Dawwas Darrel,4,keren,2025-05-02 16:26:38,positive
Sodik 098,5,ğŸ’¯ğŸ‘ğŸ‡®ğŸ‡©ğŸ’ƒğŸ’ƒğŸ’ƒâ˜•âœŒï¸ğŸ™ğŸ˜ josğŸ‡®ğŸ‡©,2025-05-02 16:22:16,positive
Bintang Radinkha,3,aku suka,2025-05-02 16:21:27,neutral
Rosa Anggraeny,5,lagu nya enak,2025-05-02 15:47:23,positive
anggit adwitya,1,"mau putar lagu harus nonton iklan, tapi iklan nya gk muncul-muncul itu gimana coba? masa harus natap layar item terusÂ² an Jangankan hapus cache, udah di download ulang masih gk berubah",2025-05-02 15:47:15,negative
Mikha Syakira,5,waw emejingğŸ˜ğŸ˜ğŸ˜ğŸ˜ğŸ˜luv it,2025-05-02 15:35:30,positive
Mevina Alexandra,5,Bagua,2025-05-02 15:31:28,positive
Fitria Mangeke,5,bagus,2025-05-02 15:30:56,positive
Audi Tewu,5,mataap,2025-05-02 15:21:05,positive
Rio Febriyan,1,gua saranin jangan download ini aplikasi karena habis download hp gua iklan nya sepotifay terus,2025-05-02 15:16:00,negative
Amanda Syafira,5,Bagus pokoknya deh aplikasi nya ğŸ˜»ğŸ’ğŸ‘Š,2025-05-02 15:02:01,positive
Mang Sur,5,apk nya kueren bener bisa dengerin sound,2025-05-02 14:46:43,positive
Reinaldiyeah72,5,cakep promonya makin dibanyakin lagi dong hehehehe,2025-05-02 14:43:57,positive
Tiara Andreani,5,aplikasinya bagus bngt,2025-05-02 14:40:03,positive
Nayla Azahra,5,seru tapi tolong iklan nya dong klo saya lagi dengerin lagu pasti ada aja iklan nya tolong ya di apus iklan nya,2025-05-02 14:34:10,positive
DEMI MENGAJI,5,bagus,2025-05-02 14:26:32,positive
Wiwit ae,5,good,2025-05-02 14:16:38,positive
Helmi Muna,5,lagu nya sangat enak dan bikin saya ketagihan,2025-05-02 14:13:36,positive
Kanaya Sharliz Nailah,4,"Appnya bagus, aku paling suka tampilannya spotify karena dia simple tapi aesthetic. But one thing that piss me off is...tolong jangan perhitungan banget dong ğŸ˜”ğŸ˜”ğŸ˜” masa fitur sederhana aja dijadiin fitur prem ğŸ˜”ğŸ˜”ğŸ˜” tolong bgt ini mah yak",2025-05-02 14:09:49,positive
Aku sayang Jungkok,5,banyak varian lagu dan lagunya jelas ditelinga. Enak poll,2025-05-02 13:51:07,positive
Lambertus -,5,oke banget...!!!,2025-05-02 13:45:46,positive
Komang Leonitaa,5,sangat bagus,2025-05-02 13:43:33,positive
Velove Muaya,1,"gaada suaranya, pdhl hp g error + jrgn bagus udh ganti akun + uninstal tapi pas instal lg ttp gaada suaranya pdhl lagunya jalan, apk lain ada suaranya tp yg in gaada",2025-05-02 13:40:13,negative
Kafina Zahratul,5,ğŸ‘ğŸ’Ÿ,2025-05-02 13:39:32,positive
ell picoww,5,asik banyak jutaan lagu yang ku suka,2025-05-02 13:39:31,positive
m arifin,5,okee,2025-05-02 13:35:45,positive
Irzhi mikayla Kayla,5,bagus,2025-05-02 13:29:02,positive
Aril Aziz,5,sangat ok,2025-05-02 13:22:56,positive
Thomas Americho,3,terima kasih,2025-05-02 13:12:28,neutral
Rafi Rahmattulloh,1,Ada konten dewasa. tidak bisa di filter,2025-05-02 13:09:13,negative
Indar Tawarsa,1,"lamaÂ² mkin gajelas, mau nyetel pagi apa yg muter lagu apa",2025-05-02 13:05:48,negative
Err Vin Tan,5,bagus banyak lagu yang bisa aku hafallin soalnya kalo di YouTube ga sampe habis lagu nya dan juga aku ada tugas hafallin lagu mengheningkan cipta,2025-05-02 13:05:32,positive
Varel Metekohy,4,"bagus tapi kendalanya tiba"" beberapa artis di album"" sya berubah menjadi bahasa jepang secara tiba""",2025-05-02 12:41:39,positive
Fitri Setianingsih,5,sangat baguss,2025-05-02 12:38:47,positive
Danish Ahsan Najhan,4,"Seandainya fitur ulangi lagunya ada lagi pasti bintang 5 dah. edit: kemarin, Kamis, 1 Mei 2025 perasaan fitur ulangi lagunya masih ada, tapi kenapa balik ke yang gak ada lagi?",2025-05-02 12:34:02,positive
Meila Setiyani,5,"lagu yg sudah kusimpan atau kusukai,tidak ada,hilang . dan saat dalam pencarian lagu tidak ada/tersedia .cuma beberapa saja,kenapa ya?",2025-05-02 12:33:39,positive
destiaravicha45,4,IKLAN NYA MOHON DI HILANGIN KARNA ITU GANGGU BENER PLSS,2025-05-02 12:31:43,positive
nurabidah tkl,5,â¤ï¸ğŸ¥°â¤ï¸ğŸ¥°,2025-05-02 12:25:47,positive
Irsad Sodik,5,ğŸ¤«,2025-05-02 12:20:21,positive
Yuki Silsa,5,bagus bangettt,2025-05-02 12:20:14,positive
MATA ANGIN,5,bagus,2025-05-02 12:11:14,positive
Al kosim,5,aplikasi yang cocok buat gw,2025-05-02 12:08:31,positive
Rafi Ilham09,1,aplikasi bayar,2025-05-02 12:05:09,negative
Dani Alpiasah,5,keren bet d=(^o^)=b,2025-05-02 12:04:02,positive
Atif Zaki,1,gara2 punya kakak ku,2025-05-02 11:59:16,negative
Rizky m Maulidan,5,cakep,2025-05-02 11:55:42,positive
Angel_ ann,4,ğŸ‘ŒğŸ‘ŒğŸ‘Œ,2025-05-02 11:44:55,positive
Afrizal R.Sugiyarto,5,mantap untuk teman sehari hari,2025-05-02 11:42:02,positive
Aril Wijaya,5,ok,2025-05-02 11:41:05,positive
eliana husni,5,mantep,2025-05-02 11:40:53,positive
ayu rahmawati,5,hidup jauh lebih rame dengan mendengarkan spotify,2025-05-02 11:37:47,positive
Nabilanur Azizah,1,"makin lama kok malah makin jelek si? fitur premium mini di hapus, dengerin lagu gak bisa sesuai yang di mau, sebelum update masih bagus bagus aja, kok setelah update jagi gini?apa apa serba premium.",2025-05-02 11:34:42,negative
fian manopo,5,ok banget,2025-05-02 11:29:20,positive
Wansuud JRDS,2,kata nya gak ada iklan nya tapi kok masih ada??terus ada dikit gangguan kayak premium nya padahal aku gak mau...maaf aku hanya menyarankan kalau premium nya bisa di notifikasi bukan kayak gitu ini aku pencet lagu nya kagak bisa ??ğŸ˜ŒğŸ™ğŸ¿,2025-05-02 11:28:01,negative
Retno Dwiesin,5,ini sangat nyaman untk di dengar,2025-05-02 11:27:31,positive
Iqbal Herruw,3,"makin hari makin pelit, semua dipremiumin",2025-05-02 11:22:56,neutral
Gusti Genta,2,update yang aneh sudah lama pake Spotify setiap putar lagu tidak ada batasannya dan paling hanya iklan tapi Baru tadi saya putar sudah ada batasan pemutaran lagu yang mana tidak bisa memutar musik sesuai keinginan dan hanya manual berganti ketika musiknya berakhir dan itu bagi saya sangat menggangu. menurut saya ini update yang sangatlah aneh untuk aplikasi berbasis musik yang mana ingin di dengarkan terus menerus. sekian dari saya,2025-05-02 11:05:43,negative
iwan nawi,5,didengerin ya asik,2025-05-02 11:04:20,positive
Dina Tefa,1,terlalu banyak iklan,2025-05-02 10:56:30,negative
Kesya Alkhodifa,5,sangat menghibur,2025-05-02 10:51:31,positive
Zivilia Lilii,3,"dulu spotify kgk iklan ny jir, setiap ada iklan gw wajib kecilin volume sampe volume gw kendor/error ngotak dikit lah kalo mau ngiklan kek app lain lah minimal",2025-05-02 10:44:09,neutral
fika kristina,5,saya sangat senang karena lagu nya lengkap bikin rilex,2025-05-02 10:40:33,positive
Septa Fatjri,5,wow,2025-05-02 10:40:03,positive
Iis Ghinafarsya,5,bagus banget aku sukaaağŸ’‹â¤ï¸â¤ï¸â¤ï¸â¤ï¸ğŸ˜­ğŸ˜­,2025-05-02 10:32:30,positive
Ariga Bly,5,mantap lagunya semoga ditamba fitur2 lain,2025-05-02 10:10:31,positive
Jito vlog,5,OK,2025-05-02 10:08:38,positive
Masruri Ruri,5,"seru jir bisa main game sambil dengerin lagu kesukaan, pokoknya aku rekomendasi banget nih aplikasi! ğŸ˜–",2025-05-02 10:06:48,positive
Dhia Tabina shula,2,bagus lah pokonya,2025-05-02 10:00:16,negative
pradana danz,5,good,2025-05-02 09:55:22,positive
Yeny Aisyah,3,keren aku bisa pakek ini saat main ff sama ML seru aku sih mau ini di perbarui biar ada lagu lain yang keren mantap,2025-05-02 09:51:55,neutral
Asha Ayana,5,bagus,2025-05-02 09:49:35,positive
IKLADS Huyu,1,aplikasinya ga bagus apaÂ² harus premium,2025-05-02 09:36:04,negative
Rasya Roberr,5,baguss,2025-05-02 09:21:51,positive
Ardiansyah Arrahim,4,perbaiki,2025-05-02 09:03:07,positive
Rasmi kasih Senada cinta,4,kenapa sih harus VIP dulu sih,2025-05-02 08:55:22,positive
Andy Supriyanto,5,lebih mantap,2025-05-02 08:49:50,positive
bni bojonegoro,5,mantab,2025-05-02 08:44:19,positive
renata nurfadila,3,kok eror ya aku nge klik lagu apa yang muncul apa,2025-05-02 08:38:57,neutral
Aziziyah Kyara Wicaksono,5,ğŸ‘ğŸ‘ğŸ‘ğŸ‘ğŸ‘,2025-05-02 08:36:08,positive
Rusgianto Topung,5,ya bagus ajaa sihh,2025-05-02 08:31:14,positive
Drill Faxx,5,mantap,2025-05-02 08:14:43,positive
Helmy Rayhan Bagaskara,5,"semakin update semakin lama durasi iklan, tapi ya sudahlah nikmati saja karena mendengarkan musik disini sangat mudah sekali tanpa musik mati ketika keluar aplikasi",2025-05-02 08:14:35,positive
Adellia Artha Aulia,5,saya jadi rileks dan semangat untuk hidup dan memunculkan energi ğŸ™ğŸ™‚â€â†•ï¸,2025-05-02 07:58:38,positive
Kamila wafa,5,"sangat bagus lancar, tp ad masalh pokoknya setiap aku buka lirik selalu ad batasnya, trs bnyk yg premium, tp aku tetep suka kok",2025-05-02 07:55:04,positive
Dhiwa Dhiwa,1,"spotify ga responsif aneh, mau nyetel lagu atau ganti lagi harus nunggu lama banget ga langsung ke play",2025-05-02 07:49:56,negative
Miftahul Qalbi,1,"Dikit"" bayar dikit"" premium buat kalian yang ngakk mau cari apk gratis pake sound cloud aja gratiss kokk",2025-05-02 07:37:39,negative
Salsabila Aulia,5,"y bgs bgt,ak sukak! ğŸ¤­ğŸ¤­ğŸ¤­",2025-05-02 07:34:24,positive
Jaenal Abidin,5,saya YES...,2025-05-02 07:28:50,positive
Muhammad Putra Akbar,5,bagus dan berguna ğŸ‘,2025-05-02 07:25:25,positive
Mochtar,5,suara jernih,2025-05-02 07:10:52,positive
Ririn Wijayanti,5,bagus banget ğŸ‘,2025-05-02 07:10:04,positive
Syafiq Wildan,5,keren aplikasinya cocok buat aku yang suka nge-sad,2025-05-02 07:06:36,positive
Clearesta Zeva,5,"musikÂ²nya bikin naikin mood bangett, the bdst deh pokonyaaa",2025-05-02 06:53:50,positive
Aldeen Hadwan,1,susah login,2025-05-02 06:52:53,negative
Monika Dawanaplani,4,ğŸ‘ğŸ‘ğŸ‘ğŸ‘ğŸ‘ğŸ‘,2025-05-02 06:50:35,positive
Athaalla Rakanahaya,5,good appk,2025-05-02 06:40:26,positive
Anastasia Chrysanta Angela,5,sukaaaa bangetttt,2025-05-02 06:34:08,positive
Robin Creator,5,mantappppp,2025-05-02 06:32:42,positive
Agus Maradona,5,bagus dan menghibur.,2025-05-02 06:27:24,positive
Ega Suryaprima,5,karna lagunya enak,2025-05-02 06:24:48,positive
Nur Cholis,5,tolong iklan ny ajj d kurangi,2025-05-02 06:19:57,positive
Afiq Rayyan,5,aplikasi yg keren,2025-05-02 06:19:48,positive
Rendra Pratama,5,bagus bgtğŸ¤© bisa dengerin lagu apapun yang kita mau pokoknya bagus terimakasih SPOTIFYğŸ‘ğŸ‘ğŸ‘,2025-05-02 06:18:28,positive
Agus Romdon,5,mantappppppp,2025-05-02 06:07:27,positive
Tuin Wan,5,semoga sukses selalu,2025-05-02 05:58:03,positive
Dwiisusillo Susillo,5,good,2025-05-02 05:52:32,positive
Gegril,2,kikir,2025-05-02 05:51:09,negative
Wahyu Putra,5,aplikasi nya bagus banget untuk dengerin lagu tapi banyak iklanya,2025-05-02 05:45:22,positive
Raffa Akbar,5,dirangkul dan dipeluk seperti layaknya saudara ~~ lanjutin min,2025-05-02 05:01:45,positive
Fiaa 123,5,spotify sangat bagus tapi saya tidak bisa mendowlod lagu ğŸ¥ºğŸ¥º tapi tidak papa saya sangat terhibur Terima kasih spotify â˜ºğŸ¤— tapi ada gangguan sih karena saat ada iklan lewat lagunya jadi hilang dan harus mulai ulang tolong diperbaiki ya ğŸ™ğŸ»ğŸ™ğŸ»,2025-05-02 04:56:12,positive
Lumbantoruan Sihombing,5,Aplikasi yang sangat bagus dan sempurna menurut saya,2025-05-02 04:48:25,positive
Donna Permadi,5,mantulll,2025-05-02 04:44:22,positive
Lionel Marik,5,sangat bagus,2025-05-02 04:36:42,positive
Zhafran Cello,5,aplikasi nya bagus kalo main game sangat seru dan aku menang terus,2025-05-02 04:34:39,positive
Saskia Thr,4,sukaaa banget pilissâ™¡ karena semua lagu adaa tapi...aku gak suka kalau lagi enakÂ² dengar musik tibaÂ² iklan dan iklannya sangatlah lama dan sering muncul juga...jadi tidak apa-apa ya jika bintang 4 ajaa??,2025-05-02 04:28:45,positive
FeNdY 22R,5,perfect no issue,2025-05-02 04:26:10,positive
Rafiqo Waliuddin,5,I love spotify,2025-05-02 04:24:22,positive
Wardi RaiComp,5,sangat Bagus Dan BeKelas..,2025-05-02 04:15:50,positive
debyy,5,mencintai spotify sampai mati,2025-05-02 03:48:33,positive
Eka Syaputra,5,ğšŠğš™ğš•ğš’ğš”ğšŠğšœğš’ğš—ğš¢ğšŠ ğš‹ğšŠğšğšğšœ ğšœğšğš–ğš˜ğšğšŠ ğšğšğš›ğšğšœ ğš•ğšğš‹ğš’ğš‘ ğš‹ğšŠğš’ğš”,2025-05-02 03:42:25,positive
Martin Martin,5,ok,2025-05-02 03:27:04,positive
Risal Grabindonesia,5,bagus,2025-05-02 03:19:06,positive
Ahmad Sanusi,1,ngelunjak d kasih bintang 5 malah banyak iklan nya. kasih bintang 1 aja lah,2025-05-02 03:07:08,negative
Aqila Kirana,5,baguss bgttttttttttttttt,2025-05-02 02:47:48,positive
Agus Wiwin,5,mantap,2025-05-02 02:21:34,positive
Sigit Purnomo,5,bagus,2025-05-02 02:01:36,positive
Cima79 Asima,4,tidak bisa terputar ulang lagi lagunya ğŸ˜­,2025-05-02 01:58:59,positive
Raka jaya99,5,buat ssntai atau buat kerja spotfy tetap yg terbaik,2025-05-02 01:48:12,positive
bernadip umar,4,mantepp lengkap lagunya,2025-05-02 01:38:00,positive
Arya Baskoro,5,keren bisa galauğŸ¤“ğŸ‘ŠğŸ—¿ğŸ¤­,2025-05-02 01:35:35,positive
Ridwan Ridwan,5,mantap,2025-05-02 01:30:41,positive
Bunga olivia Nasution,5,bagus,2025-05-02 01:23:48,positive
Karina Putri,4,bagus bgt,2025-05-02 01:16:45,positive
Ones Guntur,5,good aplication,2025-05-02 01:16:10,positive
Esa Nurfikri,5,Mantap,2025-05-02 01:02:08,positive
Muhammad Khidir,5,"spotify keren, selalu menemani di saat lagi gabut",2025-05-02 01:00:52,positive
Starboy Sigmaboy,5,enak untuk memutar lgi lancar gk ngelegÂ²dan bagus,2025-05-02 00:51:14,positive
Stephan Raynald,1,"Sungguh tega dirimu ! Pertama bertemu sungguh nyaman dirimu , tetapi setelah beberapa hari kau sungguh kejam (pelit) ! - Curahan Hati Akun Gratisan-",2025-05-02 00:22:41,negative
aby rifqi,5,"iklannya sedikit ,lagu2 top semua",2025-05-01 23:42:41,positive
Gilang 33,5,aplikasi tempat mendengar musik terbaik,2025-05-01 23:39:18,positive
menix joseph,5,Keren,2025-05-01 23:33:36,positive
4rlan rusdin,5,mantap,2025-05-01 23:22:16,positive
Agung R,5,enak di dengar,2025-05-01 22:59:07,positive
Dewa Nida,5,good,2025-05-01 22:53:40,positive
Syakila Oktafahri,5,asyik tpi minusnya cmn bny ikln,2025-05-01 22:51:27,positive
misel s,5,lov,2025-05-01 22:51:25,positive
Sindi Maelani,4,terlalu banyak iklan,2025-05-01 22:42:41,positive
enzo ferdian,5,mantap,2025-05-01 22:21:20,positive
Lana Malik,5,bagus,2025-05-01 21:59:03,positive
Raziq Hanan,5,bagus sekali aplikasi ini,2025-05-01 21:24:32,positive
Brother Accu (Mas Bro),5,ok,2025-05-01 19:56:45,positive
BayuCPRK,5,sangat di rekomendasikan,2025-05-01 18:59:48,positive
Mitsuha Kirito,1,"ayolah ini ada bug 1 iklan gak mulai-mulai, udh 30 menit lebih gak mulai"" nih iklan gak jelas, tolong lah perbaiki kek",2025-05-01 18:09:41,negative
Lisa Ponsel,5,Bagus,2025-05-01 18:06:01,positive
Gondrong 69,5,perfectly....,2025-05-01 17:54:52,positive
Jecko Meziga,1,"gak waras ni aplikasi gua buka lagu di playlist yang di putar berikutnya lagu yang gak ada di playlist, sakit ni aplikasi",2025-05-01 17:31:14,negative
arjuna Naira,5,aplikasi ini sangat keren,2025-05-01 17:28:06,positive
Nur Anggraini Novita,5,apk yang bagussss,2025-05-01 17:08:09,positive
kapi kapi,1,"makin lama makin kikir nih aplikasi, pilih lagu harus premium keseringan ngeskip lagu juga disuruh premium, kau tidak mengerti juga aplikasi kikir !!!",2025-05-01 16:34:40,negative
Alexa Ourelio,5,aplikasi ini mebantu saya,2025-05-01 16:29:53,positive
Andi Hardianty,1,hanya stuck di iklan yang tidak terputar dan tidak dapat memutar lagu,2025-05-01 16:28:49,negative
Rizky Wardhono,5,super cool ğŸ˜,2025-05-01 16:21:39,positive
Ifan,4,premium nya mahal amay,2025-05-01 16:04:13,positive
Aan Sles,5,bagus. terima kasih sudah memberi hiburan ...klo sesekali ada iklan ya wajar lah...,2025-05-01 16:03:06,positive
Untah Shaputra,1,katanya offline tapi harus bayar dulu,2025-05-01 16:01:05,negative
Agus Salim,5,best,2025-05-01 15:45:14,positive
Agus Gunawan,1,iklan full,2025-05-01 15:43:44,negative
sky arzz,1,"ini kenapa ya sportify saya? saya mau login ke akun saya gabisa, adanya tulisan terjadi masalah, lalu hanya ada tulisan oke saja. tolong untuk developer untuk segera memperbaiki nya",2025-05-01 15:31:37,negative
uzaaa an,5,mantap,2025-05-01 15:26:09,positive
Azahra Alyaputri,5,good,2025-05-01 15:24:46,positive
citra nur fatimah,5,baguss bangettt plisss,2025-05-01 15:18:09,positive
septiyan wiliawati,2,"kenapa belakangan ini iklan game tidak bisa segera di muat atau jalan? ini sangat mengganggu , iklan macet dan lagu tidak bisa di mainkan ..",2025-05-01 15:17:06,negative
Yuri Fanero,5,nice,2025-05-01 15:06:52,positive
Janah Rantau,5,aku suka disini akuu bisaa mendengar kann laguh kesukaan kuu yaitu NadinnğŸ™†ğŸ»â€â™€ï¸ğŸ™†ğŸ»â€â™€ï¸ğŸ™†ğŸ»â€â™€ï¸,2025-05-01 14:58:18,positive
ridonovara,5,mantab luar biasa...top deh,2025-05-01 14:52:51,positive
Yogi Wilotito,5,Mantap,2025-05-01 14:51:58,positive
Dilan Pevensie,1,Wkwkwkwk maksa banget buat beli premium. Mahal pula harganya. Mending gw langganan Netflix,2025-05-01 14:51:12,negative
Yugis Feri,1,iklan terlalu banyak,2025-05-01 14:50:05,negative
Icang Herniati,5,bagussss,2025-05-01 14:47:16,positive
Amirhasan Hasan,5,"bagus banget ,â™¥ï¸â™¥ï¸",2025-05-01 14:39:32,positive
Mardiyah,5,keren,2025-05-01 14:34:23,positive
della Ristiyani,5,sangatt bagusssğŸ’«â™¥ï¸â­â­â­â­â­ğŸ‘ğŸ»ğŸ‘ğŸ»ğŸ§˜ğŸ»ğŸ’,2025-05-01 14:28:52,positive
Wahyu Kurniawan,5,"bagus banget, kalau galau tinggal dengerin lagu galau",2025-05-01 14:24:03,positive
Jmal Handog,3,"baguss apk nyaa musik nya lumayan lengkap, cumann kenapaaa sihhhh lirik nyaa sekarang di gaada inn harus premiumm duluuu, plsss pihak spotify lirik nya ada inn lagii",2025-05-01 14:18:38,neutral
Arline Kenzi,1,apaan ga ada lirik padahal diketerangannya ada lirik ga seru,2025-05-01 14:16:55,negative
Altaraksya Putra,5,bagus,2025-05-01 14:11:13,positive
NIdIhaW 25,5,lumayan lah,2025-05-01 14:11:11,positive
Soleh bin Udin,4,"bagus sh, cuman kurang dikit",2025-05-01 14:10:31,positive
Robi Syah,1,Dasar aplikasi kikir ğŸ˜ ğŸ˜ ğŸ˜ ğŸ˜¡ğŸ˜¡,2025-05-01 14:05:59,negative
Reza Aditya,3,lagu nya lumayan enak mines iklan tapi good,2025-05-01 14:03:03,neutral
Sumarna Herfal,1,jangn terlalu banyak iklan dong kurangi iklan pas putar musik langsung iklan .saya kasih rating bintang 1,2025-05-01 13:51:24,negative
Sri Andayani,5,kerennnnnnn,2025-05-01 13:51:01,positive
Asborn The shadow monarc,5,sangat bagus,2025-05-01 13:48:39,positive
Marlina Madoa,5,temen untuk mendengarkan musik tiap hariğŸ’œğŸ’œğŸ’œğŸ’œğŸ’œ,2025-05-01 13:47:07,positive
Muna Nazir,5,Aplikasi bagus aku suka,2025-05-01 13:38:57,positive
Radi Kurniawan,5,gg kamu aplikasi hijau,2025-05-01 13:35:59,positive
ayiant hermawan,5,nice,2025-05-01 13:35:47,positive
Mochammad Chafith,5,tolong adakan paket kolaborasi dengan platform lain. semisal netflix >< spotify,2025-05-01 13:34:24,positive
andin reza,5,bagus app nya good'ğŸ‘ğŸ‘,2025-05-01 13:32:09,positive
Robby Taufik roberto,5,keren,2025-05-01 13:27:50,positive
PRO PELER,4,lumayan bagus,2025-05-01 13:26:31,positive
Wahyu Din,5,"ini Spotify, gangguan apa gimn, di hp realme ga bisa muter",2025-05-01 13:20:12,positive
Yeti,5,bagus,2025-05-01 13:10:48,positive
Hadi Wijaya,5,oke keren,2025-05-01 13:10:18,positive
Elthea Valerie,1,sangat tidak di rekomendasikan banyak sekali iklan dan saya pernah pake terus GK bisa di pencet dan suruh bayar Spotify premium,2025-05-01 13:09:20,negative
Awan Gun,5,baguss,2025-05-01 13:07:59,positive
FeYyy Chennly,4,"gwajh cinta banget jir sm spotify ğŸ¤­ğŸ˜˜ğŸ¥° tapi yg bikin gua ga suka cuma fitur sekarang yang apa apa premium,trs kebanyakan iklan mulu iklan ğŸ˜¡,tapi okelah buat orang kek gua yang gamau keluar duit xixixi ğŸ¤­ğŸ¤­",2025-05-01 12:56:37,positive
magang nisa,5,seruu,2025-05-01 12:56:00,positive
Hamadan,4,"Aplikasi nya cukup ok lh, mungkin untuk penawaran Spotify Premiumnya ada yang kurang. Mestinya yg harga Student digabungin sm yg untuk Sekolah sm yg Mahasiswa, Harga nya sama tapi bisa dibeli sama Siswa sekolah an juga. Sekian saran dari saya terima kasih",2025-05-01 12:45:19,positive
Najwa Keyra,5,seru bgtt bisa main roblox sambil dengerin musik ğŸ˜˜,2025-05-01 12:35:27,positive
Ana Suliyanti,5,mangtap ğŸ«¶ğŸ«¶ğŸ«¶,2025-05-01 12:31:37,positive
Dimar Nurachman,3,"makin kesini makin banyak lagu yang tiba tiba tidak tersedia, mohon kebijakannya untuk segera diadakan kembali lagu yang tidak tersedia",2025-05-01 12:31:31,neutral
Iqbal Saputra,5,sangat bagus,2025-05-01 12:29:41,positive
Yuli Ani,5,aku suka sama lagu nya apa lagi ya b inggris,2025-05-01 12:26:52,positive
ricko purwoyuono,5,okelah,2025-05-01 12:25:50,positive
Muhammad Barkah,1,aplikasi nya ngak bisa di buka padahal udah update ke versi terbaru,2025-05-01 12:15:44,negative
Yasmin,5,bagus buat aku yang suka tibaÂ² nangis soalnya spotify banyak lagu yang bisa nenangin akuuuu ğŸ˜,2025-05-01 12:14:30,positive
Ardiansyah Yuwono,5,bagus banget,2025-05-01 12:14:07,positive
Andromeda DeRafael,3,"Aplikasi ini memiliki kualitas yang baik, namun terdapat kendala pada tampilan lirik dalam mode lanskap. Sebagai pelanggan premium, saya berharap masalah ini dapat segera diperbaikiğŸ™ğŸ™ğŸ™.",2025-05-01 12:12:27,neutral
Muhamad rafi,2,aplikasi nya bagus kalau masalah iklan tolong dikurangi untuk lagu yang diputar jangan ada batasan nya jangan di premium in harus berbayar semua mau denger lagu aj banyak halangan,2025-05-01 12:11:34,negative
Putri ade Lestari,5,keren,2025-05-01 12:05:06,positive
Denys Pranggono,5,Sumpah bagus banget kalian harus download ini kalau mau denger lagu karena disini lengkap banget lagunya pliss.. kalian harus coba sekarang!,2025-05-01 11:59:55,positive
Yuniharto Harto,1,"Waktu pertama kali download apk nya mah enak, iklan nongol wajar sih karena pake yang free, tapi belakangan ini mau pilih lagunyang sudah ada di playlist selalu diarahkan yang ke premium, nyebelin banget. Semoga diperbaiki supaya bisa menikmati bersama.",2025-05-01 11:57:12,negative
angga gustav,3,"buat lah premium yg satu bulan, aku males beli yg 54rb 3 bulan",2025-05-01 11:55:08,neutral
Fadil Ray,5,bagus,2025-05-01 11:51:41,positive
Hendrik fitrayatna,5,nice,2025-05-01 11:49:28,positive
Elsyefi hendri,3,kalo gak premium cmn bisa beberapa lagunyo antar 6 atau 7 lagu,2025-05-01 11:40:47,neutral
Koboy Insyaf,5,semua lagu yg di inginkan ada di spotify mantaafff ..,2025-05-01 11:35:33,positive
Nurul Ayu,5,BAGUSS,2025-05-01 11:34:54,positive
Alfan syah,5,mantap,2025-05-01 11:34:53,positive
Taufiq Pratama,5,Cocok untuk orang galau,2025-05-01 11:32:59,positive
Yudih mulyana Mulyana,5,bagus dan juga hemat kuota,2025-05-01 11:05:02,positive
Mauris Hilmy Hasyim,5,nyaman,2025-05-01 11:02:43,positive
Gian War,5,"Kalo udah bintang lima,mau bilang apa lagi coba!ğŸ—¿",2025-05-01 11:01:13,positive
Zian Aura,5,lengkap semua lagu!!!,2025-05-01 10:59:45,positive
Silvan F,1,"Apalah orang cuma pengen denger musik aja dikit dikit iklan, iklan 5-10 detik bolehlah lah ini 30 detik itu pun kalo satu kadang 2 lagi, buat playlist malah play lagu acak mana bayar lagi dasar KIKIR.",2025-05-01 10:42:56,negative
Lena Ruiz,2,kenapa harus premium? Langganan gratis tidak diberikan kebebasan memilih lagu. Malah terplay lagu lain,2025-05-01 10:38:49,negative
Anang Gunawan,5,"sangat membantu untuk mencari lagu-lagu,terima kasih spotify",2025-05-01 10:37:43,positive
Alvino Putra,5,Bagus banget rekomendasi untuk mendengar musik,2025-05-01 10:32:44,positive
Teti Rohaeti,5,saya suka dengan spotify karena lagu2nya komplit,2025-05-01 10:31:58,positive
Rizky Ekananda,5,ok,2025-05-01 10:31:12,positive
Rizal aja,5,Mantap! Puas akan Suguhan yg di berikan. Sukses slalu buat Spotify ğŸ‘ğŸ‘ğŸ‘,2025-05-01 10:28:28,positive
Firman Putra,5,bagus,2025-05-01 10:18:05,positive
Kellen Mode seprint,5,cocok buat sa yang suka dengarkan lagu,2025-05-01 10:07:44,positive
Firmansyah,5,good luck,2025-05-01 09:55:57,positive
Muhammad Zaki,4,spotify ku kok nggak bisa nge load history ya,2025-05-01 09:52:12,positive
Erwin arf,1,makin pelit makin kapitalis,2025-05-01 09:42:49,negative
Anak Ogoan,5,sangat enak lagunya,2025-05-01 09:41:51,positive
Yuda Sundayana,5,good,2025-05-01 09:38:09,positive
Amelia rahma Amelia,5,Baguss bangettt kaaağŸ’•ğŸ’•ğŸ’•,2025-05-01 09:28:16,positive
Maheswara Savero,2,Bagus sih... tp masa APA2 HARUS BAYAR JD PREMIUM!!!,2025-05-01 09:28:08,negative
Teguh Liant,5,joooss,2025-05-01 09:28:00,positive
Yunaaa Milky,3,premium semua,2025-05-01 09:21:26,neutral
Bilqis Lathief Azizah,2,"bagus sih offline tpi kalau bener bener ga punya kuota pliss di offline in bener bener jadi bisa denger lagunya tanpa kuota soalny kalau udh ga kepake berapa hari gitu, trus mau denger lagu harus punya kuota dulu buat buka lagunya , plis kan udh didownload ,jadi tolong buat jdi bener bener offline dan apa bisa Download lagu kpop atau astro,bts,babymonster,blackpink kaya gitu ,kalau bisa like ya nanti kalau bisa kutambah bintang nya + dah bisa offline okk mohon kebijakannyaa yaaa, trimakasijhh",2025-05-01 09:19:10,negative
Putri Sriyanti,4,"jujur aplikasinya bagus, udah lama banget pakai tapi sekarang kok setiap denger lagu, lagunya suka mati sendiri jadinya males mau putar lagi",2025-05-01 09:01:29,positive
Rizqi Ananta,5,cocok untuk mendengarkan musik yg kalian suka,2025-05-01 09:00:47,positive
Sigit Riono,5,bagus,2025-05-01 08:51:34,positive
Nur Ahmadi,5,bagus banget saya suka,2025-05-01 08:51:02,positive
Setiawan Yardi,1,apalah malah udah bagus malah harus beli premium memaksa sekali,2025-05-01 08:38:15,negative
Nanda01,5,sangat bagus,2025-05-01 08:34:14,positive
Naura Khalilah,5,"ini juga memperlancar halu kelen lhoo, donlod cptt",2025-05-01 08:21:41,positive
Neni Rahmawati,5,bisa main ml sambil dengerin lagu ini,2025-05-01 08:12:09,positive
Raden Rizqullah,1,IKLAN GAJEE!!,2025-05-01 08:08:31,negative
Melly Norviana 2022,1,Banyak iklan setiap milih lagu,2025-05-01 08:07:27,negative
yuriani zega,5,saya suka Spotify krn tetap jalan musiknya meskipun layar hp mati,2025-05-01 07:58:02,positive
Hadi Sobandar,5,Mantaf,2025-05-01 07:55:36,positive
shanti isbiyanti,2,kebanyakkan iklan nya dari pada musik nya,2025-05-01 07:49:58,negative
Yongki Edwin Tumbuan (Jonky),5,nice songs & I Like it,2025-05-01 07:45:41,positive
Pea Haja,5,ğŸ‘,2025-05-01 07:38:23,positive
Naufal L,5,"SANGAT MEMBANTU UNTUK PERFORMA SAAT MAIN EPEP,JADI SAYA KASIH BINTANG 5ğŸ‘†",2025-05-01 07:26:16,positive
Uje munajat,5,mantap dah,2025-05-01 07:19:57,positive
Sahroni Sahroni,5,bagus,2025-05-01 07:14:17,positive
Andini Mulyasari,5,ok,2025-05-01 07:08:24,positive
B2F. Jeong Jeong,5,ga suka ada iklan ters knapa lagu yg sering kali saya putar ga bisa di putar lagi harus nunggu waktu dalam sehari .. padh saya on data,2025-05-01 07:01:20,positive
Ahmad Rizqi Azizi,5,gud,2025-05-01 07:00:11,positive
Darli Darli well,4,Ok,2025-05-01 06:52:09,positive
Karenseptriana,4,bagus banget musiknya kalau lagi galau suka dengerin di sportify,2025-05-01 06:49:35,positive
hj yulyati,5,mantaap,2025-05-01 06:49:05,positive
DianSy,4,"Nice music app, tapi untuk harga nya mahal banget untuk satu bulan ğŸ˜”",2025-05-01 06:34:14,positive
Vicky,5,bagus,2025-05-01 06:33:34,positive
Arin Dewi,4,Aplikasi nyaa baguss nemenin aku pas kesepian tpii setiap mau ganti laguu selalu iklan terus,2025-05-01 06:21:13,positive
Lili Puspawati,4,bagus sekali cooooook!!!!!!,2025-05-01 06:18:48,positive
Krisantus Liberto,3,Okelah,2025-05-01 06:17:27,neutral
Lupita Mariska,5,bagus buat Musikan atau ngegame,2025-05-01 06:15:40,positive
Johanes Septory,5,good,2025-05-01 06:08:38,positive
Natan,5,ğŸ‘ğŸ‘ğŸ‘ŒğŸ˜Œâ˜º,2025-05-01 06:03:46,positive
Legiandra Kanza,1,tolong jangan diperbaiki karna sering terputar sendiri pas lepas tws,2025-05-01 05:55:08,negative
Lolaa Chiwiii,5,i love you so much,2025-05-01 05:49:34,positive
Andi Hafiz Arafah,5,Spotify kasih aku premium,2025-05-01 05:44:40,positive
Dien Novita,5,bagusss bgt,2025-05-01 05:27:00,positive
Hj asmah,5,bagus,2025-05-01 05:25:27,positive
Mutiara Utiii,1,susah masuk nya ribet,2025-05-01 05:21:51,negative
Kelvin Junior,1,lagu di playlist ku kosong dan lagu lain GK bisa di putar,2025-05-01 05:21:29,negative
zul zul,5,ok,2025-05-01 05:18:36,positive
Al Maulana,5,sangat Bagus,2025-05-01 05:16:25,positive
Firman,5,ğŸ‘ğŸ‘,2025-05-01 05:14:42,positive
Banubara 290387,5,membantu,2025-05-01 05:13:21,positive
Antariksa Koramil,5,baguss sekalii saya suka sekaliâ¤â¤ğŸ¤,2025-05-01 05:13:10,positive
Nadhira Alianda,4,bagus bgttğŸ˜­ğŸ’—,2025-05-01 04:53:00,positive
Gilang Satria,5,not bad lah,2025-05-01 04:45:34,positive
Ray Muhammad,5,suara lagu nya mantap,2025-05-01 04:45:04,positive
Nur Fatinah,5,cocok ngegame cocok untuk galau,2025-05-01 04:43:33,positive
M Helmi-prtm,4,lumayan,2025-05-01 04:43:29,positive
Ilyas Ramadhan,1,"tidak ada lirik di lagu"" populer",2025-05-01 04:35:37,negative
Istiqomah kaira Irham,5,very good..,2025-05-01 04:33:26,positive
Sahabae 123,5,mantap,2025-05-01 04:11:01,positive
Darul Muhammad,5,mantap,2025-05-01 04:10:53,positive
Abby nasrullah,5,good,2025-05-01 03:59:05,positive
Julian sapira Julian,5,ok,2025-05-01 03:57:18,positive
Fauzi Rahman,5,saya suka aplikasi ini...,2025-05-01 03:52:51,positive
Zaidan M Aqilhadi,5,ini jadi apk fav ku enak banget suer dah denger lagu semua ada=bisa cari lagu modal dari lirik yang dikit,2025-05-01 03:48:44,positive
Klandre Maulana,5,nice ni,2025-05-01 03:44:23,positive
Lanang Christanto,5,Good,2025-05-01 03:42:08,positive
Dewi Khaira Ramadhani,5,Spotify cintakuğŸ«°ğŸ»ğŸ«°ğŸ»,2025-05-01 03:33:44,positive
Queensatoru,4,aplikasinya bagus tapi ada iklan yg mengganggu,2025-05-01 03:29:18,positive
alfarezza ezza,1,aplikasinya jelekk dibuka bisaa keluar sendiri,2025-05-01 03:29:02,negative
Misriyah Karet,5,bagus bgt,2025-05-01 03:14:44,positive
Ferensia Tjoa,4,"semuanya bagus,tapi ada satu minusnya munkin saat saya pakai Spotify karena saat saya menggunakan Spotify terjadi sedikit error yang menyebabkan saya harus membuat akun baru untuk Spotify",2025-05-01 03:00:33,positive
Avika Safa,1,"PLS SPOTIFY BALIKIN AKUN PERTAMA GW!!! AKUN GW ILG TIBAÂ² PAS MAU SIGN IN LAGIIII, MLS W+BETE GRÂ² ILG!! ITU AKUN BNYK KOLEKSI LAGUNYAAAA ğŸ˜”ğŸ˜”ğŸ˜”ğŸ˜”ğŸ˜”ğŸ˜”ğŸ˜”ğŸ˜”ğŸ˜”ğŸ˜”ğŸ˜”ğŸ˜”ğŸ˜”ğŸ˜”ğŸ˜”ğŸ˜”",2025-05-01 02:57:20,negative
Najwa Kania,5,bagus bgt minusnya ada iklanya tpi gpp lah namanya juga freee,2025-05-01 02:56:42,positive
PLB_Restu Yunizar,5,mantap,2025-05-01 02:52:10,positive
Fariz Dwi,2,Uda di intal TPI ngga ada di lobby cuma bisa login di Play store,2025-05-01 02:41:16,negative
Teguh Santoso,5,mantabbb,2025-05-01 02:40:25,positive
Nazrel Achmad,5,josss,2025-05-01 02:39:22,positive
Lela Purnamasari Tjg,5,Koleksi lagunya selalu update dan banyak pilihan genre nya,2025-05-01 02:36:35,positive
Yiska Liyona,5,sukaaa bangetttt,2025-05-01 02:36:33,positive
REYHAN Adi pratama,3,"untuk aplikasi nya normal, tapi kalau putar musik keganggu sama iklan yg tiba tiba muncul, untuk develover nya bisa lah ya kurangin iklan nya",2025-05-01 02:35:18,neutral
Hary Julifahry Kurniawan (Nah Id Win),5,aplikasi nya sangat bagus dan cepat untuk menemukan lagu yang bagus,2025-05-01 02:30:30,positive
Eva Army,5,ğ—¹ğ—®ğ—´ğ˜‚ ğ—¹ğ—®ğ—´ğ˜‚ ğ—»ğ˜†ğ—® ğ—²ğ—»ğ—®ğ—¸ ğ˜€ğ—²ğ—ºğ˜‚ğ—® ğ˜‚ğ—±ğ—®ğ—µ ğ—¹ğ—®ğ—ºğ—® ğ—±ğ—¼ğ˜„ğ—¹ğ—¼ğ—®ğ—± ğ˜ğ—®ğ—½ğ—¶ ğ—¯ğ—®ğ—¿ğ˜‚ ğ˜€ğ—²ğ—ºğ—½ğ—®ğ˜ ğ—¸ğ—®ğ˜€ğ—¶ğ—µ ğ—¿ğ—®ğ˜ğ—¶ğ—»ğ—´ ğ˜€ğ—²ğ—¸ğ—®ğ—¿ğ—®ğ—»ğ—´ ğ—¯ğ—®ğ—»ğ˜†ğ—®ğ—¸ ğ—¹ğ—®ğ—´ğ˜‚ ğ—¹ğ—®ğ—´ğ˜‚ ğ—´ğ—®ğ—¹ğ—®ğ˜‚ ğ—½ğ—¼ğ—¸ğ—¼ğ—¸ğ—»ğ˜†ğ—® ğ˜€ğ—²ğ—¿ğ˜‚ ğ—²ğ—»ğ—®ğ—¸ ğ˜‚ğ—»ğ˜ğ˜‚ğ—¸ ğ—±ğ—¶ ğ—±ğ—²ğ—»ğ—´ğ—®ğ—¿,2025-05-01 02:24:38,positive
Ahmad Naufal Anabil sajid,3,semakin iklannya sedikit dan promosi sedikit semakin banyak yang download yang menjadi cuan jadi dikitin iklannya,2025-05-01 02:24:04,neutral
Bunga Lestari,5,bagus seka,2025-05-01 02:23:43,positive
Tar Tar,5,mantaaf sporty,2025-05-01 02:20:25,positive
Dzaki Ganka,1,aplikasi kikir,2025-05-01 02:19:31,negative
M Luthfi,5,mantapğŸ‘,2025-05-01 02:13:44,positive
Rachmat arsyad Ilham,5,ok,2025-05-01 02:12:02,positive
Isnanto Gareng,5,suaranya bagus dan pilihan lagunya banyak,2025-05-01 02:10:09,positive
Yanto Suwanto,5,luar biasa,2025-05-01 02:09:41,positive
Kadek Suartana,5,"bagus .baik,",2025-05-01 02:08:38,positive
Budi Sagala,5,pertahan musik gratis ygberkualitas,2025-05-01 01:59:31,positive
Ristiani ris,5,top,2025-05-01 01:58:25,positive
Jehan Dyah,2,"bintang akan di update kalo ada perubahan, kenapa Spotify saya wlpn udah premium nge bug ya? suka mati sendiri? berulang kali terjadi terus",2025-05-01 01:57:07,negative
Lekat Rahmania,4,bagus sih kita bisa mendengarkan laguÂ² yang kita sukai Tpi lagu nya terbatas,2025-05-01 01:51:55,positive
Mah Ory,5,suka sama lagu lagu nya dikit juga memori nya menarik dan seru aja gitu,2025-05-01 01:46:10,positive
Mariyah Setiawan,4,"Udh bagus bngt sih, tadi nya mau beli yang premi pake dana, cuma hrs DRI play store, itu pun kena pajak dan cmn 3 BLN. Tolong lah Spotify tambahin Dana dri Spotify nya langsung biar ga dari Play store nya.",2025-05-01 01:42:15,positive
budi wijayanto,5,jernih no iklan,2025-05-01 01:37:03,positive
Yuda Nainggolan,5,Bagus.,2025-05-01 01:36:42,positive
Ilham MK,1,udah cape ngatur urutan biar sesuai abjad pas disimpan malah ngulang lagi,2025-05-01 01:25:04,negative
Aqilah,5,bagus,2025-05-01 01:08:37,positive
Rizki Ridho,5,The G.O.A.T,2025-05-01 01:07:12,positive
Diva Juweita990,5,bintang 5,2025-05-01 01:07:01,positive
Rina Kordi,5,sangat bagus,2025-05-01 01:04:21,positive
Eldanz 207,5,"keren,pertahankan",2025-05-01 00:58:35,positive
Abi Ariyanto,5,mantap,2025-05-01 00:55:31,positive
Ari Setiandi,5,mantab...,2025-05-01 00:50:44,positive
Fina Siak,5,aplikasi ini sangat membantu kalo mau nyetel lagu,2025-05-01 00:47:00,positive
Suteja Wina,5,bagus benget pokoknya cepet Tan donlwond,2025-05-01 00:39:59,positive
Nur Aliyatul Fitriyah,1,aneh banget habis masa premium masa ga bisa buka playlist sendiri,2025-05-01 00:36:32,negative
Febrian Ikhtiar,4,lagunya bagus cuman bnyk iklan nice semoga update selanjutnya gk bnyak ikln,2025-05-01 00:32:29,positive
Zurah Mat,5,ini bagus banget bisa sambil main musik ini broo buruan download deh,2025-05-01 00:23:07,positive
Diena Aslama yudha,5,bagus tapi bnyak iklan,2025-05-01 00:18:30,positive
Agus Hermawan,5,mantap,2025-05-01 00:08:10,positive
Muhammad marsan Al fatih,2,ngak ada nowa ğŸ¤”,2025-05-01 00:07:43,negative
Flora Gulo,5,bayak miaik Nya,2025-04-30 23:52:10,positive
Satria Rahmadan234,5,sangat memuaskan apk nya,2025-04-30 23:45:18,positive
Adi Raka,5,i proud of you,2025-04-30 23:45:18,positive
Sigit Dj,5,mudah memilih lagu,2025-04-30 23:45:06,positive
Seljani Bualangi,5,bagus tanpa iklan puas dengarin lagu mantap,2025-04-30 23:40:57,positive
Ebru Nurkarso,5,suka banget lagu update terus,2025-04-30 23:36:03,positive
Muhammad Najib,5,bagus buat lagu main game,2025-04-30 23:33:09,positive
Aldo Rbni,5,cungg yang cocokkk buatt galauuâ˜ï¸ğŸ˜—(tapi ilangin iklannya plssğŸ˜“),2025-04-30 23:33:07,positive
Oky Yy,5,bagus banget bisa dengerin banya lagu,2025-04-30 23:31:33,positive
Arie Mmp,5,mantab,2025-04-30 23:21:15,positive
De Royale,5,best friend,2025-04-30 23:08:51,positive
Indra Bayu,5,"kualitas musik bagus,komplit,bisa gratisan",2025-04-30 22:59:56,positive
Fia Fia,5,saya suka,2025-04-30 22:58:10,positive
Mr Kenji,5,ğŸ‘ğŸ‘ğŸ‘,2025-04-30 22:53:27,positive
petra hamid,5,mantap,2025-04-30 22:51:56,positive
Ahmad Muhajir,5,"sangat membantu, bagi saya yg hobi dengerin musik",2025-04-30 22:45:32,positive
Rahmat Mat,4,memberikan seperti harapan,2025-04-30 22:41:13,positive
Blasius Lawing,5,good,2025-04-30 22:33:10,positive
Tokoh Indonesia,3,suara vokal jelek,2025-04-30 22:17:57,neutral
Anissa Ramadhanie,5,love the songs,2025-04-30 22:13:41,positive
Fikry Ganeswara,1,keluar sendiri apk sampah,2025-04-30 21:49:43,negative
Ercadw I,4,"lumayan, tapi bnyak iklan",2025-04-30 20:44:09,positive
Bima Putra,1,Sekarang kalo mau ganti ganti/skip skip lagu di batasi entah sampe berapa kali saya tidak tau setelah itu mau ganti lagu/skip udah di suruh ke premium...padahal dulu sebelumnya bisa bebas bgt ganti ganti lagu tanpa harus premium dahulu...sumpah kecewa berat dah gak kayak dulu lagit!!!! apa apa serba premium tiap dengerin lagu 2x udah iklan lg parah banget!!!!,2025-04-30 19:58:27,negative
Sonari Pitaloka,5,ğŸ˜‹ğŸ’™â¤ï¸,2025-04-30 19:51:45,positive
Hendra One,5,jernih,2025-04-30 19:06:34,positive
Wasji Cutek,5,matap,2025-04-30 18:28:55,positive
Sofnando Erizar,5,good,2025-04-30 18:24:04,positive
ÄÃ½y channel,2,"menu premium hariannya jadi gaada,dan itu yg bikin males",2025-04-30 18:12:06,negative
Mei Grace,1,"Knpa Spotify ku sering kluar sendiri dr aplikasi nya ya? Tlg dibenerin donk, udah install ulang msh sm jg",2025-04-30 18:06:19,negative
Haryo Adi Nugroho,4,kalau semua fungsi lancar dan tidak mengalami masalah yang terlalu sering saya pasti akan menilai bintang 5,2025-04-30 18:03:02,positive
Novi Anti,5,ğŸ‘,2025-04-30 17:47:40,positive
Galeri Smartphone,5,bagus sekali,2025-04-30 17:41:18,positive
Bahrul Mas,5,baguss,2025-04-30 17:05:05,positive
Zeirro Rosi,1,huuuu jelek apk jelekk dikit dikit bayar dikit dikit bayar huuuuu,2025-04-30 16:54:07,negative
Carissa Larasati,2,"kebelet kaya anj, apa apa permium bayar dl, dulu perasaan gaada deh rata rata jg geratisğŸ˜¹",2025-04-30 16:35:07,negative
aliyudin aliyudin,3,bagus,2025-04-30 16:14:14,neutral
faizz putra,5,apk nya asik,2025-04-30 16:13:23,positive
Nabia,5,enakk bangettt semua lagu favorit saya ada di siniii semuaağŸ¥°ğŸ¥°,2025-04-30 16:13:13,positive
Casmito â€œCasmitoâ€ Mito,5,Baguss..ğŸ‘,2025-04-30 16:09:42,positive
BUDI BAE,5,suaranya bersih dan jernih,2025-04-30 16:00:56,positive
Adelia Afika,3,enak sih tapi kalo masuk loading nya lama banget nanti gak bisa dibuka + banyak iklanya tapi ya maklum sih akun free,2025-04-30 15:59:54,neutral
Snuff 16,5,PAANGGG ğŸ’¥,2025-04-30 15:56:27,positive
nazwa putri andita,5,baguss,2025-04-30 15:49:33,positive
Liafhmaz,5,ğŸ’«,2025-04-30 15:44:24,positive
Ibnu Sudrajat,1,"jadi berbayar kalo mau mencet lagu ini gimana si, apa emang semuanya permium padahal sebelumnya fine fine aja fine (;-_-)ãƒ",2025-04-30 15:39:37,negative
Nataneila Jesslyn,5,halo aku baru pertama kali cobain spotify walaupun ada iklan tapi gpp nama nya juga akun gratis,2025-04-30 15:35:19,positive
Adi Riswandi,4,bagus baget kualitas suaranya oke banget lagunya lengkap cuma ya minusnya banyak iklannya tapi pas pale spotify premium perfect banget pokoknya kalian harus coba sptify premium pokoknya ga bakalan nyese,2025-04-30 15:32:27,positive
Rizky Pratama,5,nice,2025-04-30 15:31:26,positive
armedy sinaga,5,nice,2025-04-30 15:29:49,positive
Irma Dexi,1,sering mati sendiri dan saat main game mati padahal jaringan lagi bagus sering di update tapi tetap mati mati saya jadi emosi,2025-04-30 15:23:24,negative
Arim Sky Vr46,5,aplikasi ini sangat sangat bagus buat saya yang suka dengerin laguu makasihh yaa yanggg udahhh bikinn aplikasi inii akuu sangat kagum sama aplikasi iniiğŸ¤ğŸ¤,2025-04-30 15:12:55,positive
Chandra Kumala,5,pokoknya bagus,2025-04-30 15:02:35,positive
Elena Dwikharisma,1,jelek bgtt,2025-04-30 14:58:45,negative
Veni Jumiati,5,keren,2025-04-30 14:56:08,positive
alvin mazayaka,5,Aplikasi yg bagus,2025-04-30 14:55:46,positive
Soleman Daniel,1,mau bayar bulanan aja ribet amat padahal mau bayar Loh kok di persulit banget perbaikilah kecewa banget,2025-04-30 14:54:56,negative
Maz Tama,5,bagus,2025-04-30 14:54:00,positive
Muhammad Amrulhuda,5,terus berkembang ya Spotify,2025-04-30 14:53:47,positive
Asyafil Qodri,1,"hahah makin pelit aja ni apk, dengerin lagu aja ada limitnya hahaha males make ni apk",2025-04-30 14:47:05,negative
Aril Mulyana,5,bagus banget,2025-04-30 14:42:35,positive
Nugi Amsar,4,kerenn,2025-04-30 14:42:04,positive
Nadin Aulia,1,banyak iklan dengan durasi hampir 1 menit,2025-04-30 14:39:31,negative
nazela qnta sajidah,5,kokgada update terbarunya??,2025-04-30 14:38:51,positive
Almaliki Alhaadi,5,sangat bagus bisa mendengar kan banyak musik yg menarik dan ada artis artis nya lagi mana ada favorit gua lagi mister aloyyğŸ˜‰,2025-04-30 14:37:51,positive
Rayhan Al farizky,5,sangat bagus,2025-04-30 14:36:07,positive
IMDAD AL GHIFARI,5,cocok untuk penenang,2025-04-30 14:29:28,positive
Abyan ghaisan Nawafil,5,itu kayak lagu jitu kan saya sangat sukaaaa,2025-04-30 14:26:41,positive
Nenti Aryanti,1,"aplikasi termatre,, milih ganti musik/lagu aja bayar",2025-04-30 14:23:18,negative
Adrian dani Harsono,4,bagus,2025-04-30 14:10:43,positive
Warningsih Aja,5,spotyfy ok banget,2025-04-30 14:03:24,positive
Fal casperr Fal,5,mantap,2025-04-30 14:02:42,positive
Mila Zamzami Q,5,good,2025-04-30 13:53:08,positive
Sony Shioo,1,"ga worth buat non premium , iklan setiap lagu selasai , eh ini buat milih lagu di batasin pula , kapitalis",2025-04-30 13:52:27,negative
Fairul Anugrah,5,bagus,2025-04-30 13:51:55,positive
Nazmi Mubarok,5,luar biasaa,2025-04-30 13:51:53,positive
Reihan Putra wibowo,5,mantap,2025-04-30 13:40:42,positive
SHINTA KOMALA DEWI,5,LAGU NYA ENAK BANGET EMUAH,2025-04-30 13:31:31,positive
Deden Fratama,5,kereeenn...,2025-04-30 13:24:25,positive
Hayyu Monasa,5,i love it musicğŸ˜,2025-04-30 13:23:59,positive
Ahmad Taufiq,5,ok,2025-04-30 13:22:21,positive
Agus Setiawan,5,laguÂ²nya bagusÂ² cocok untuk di dengar,2025-04-30 13:20:20,positive
Diraa Riko,5,enak banget aplikasi ini bisa buat galau aku dimarahin bapak aku mau mati boleh gk aku matiii,2025-04-30 13:20:16,positive
robet sandi,5,bagus semua ada,2025-04-30 13:15:50,positive
Siti Rifaiyah,2,ko di aku gada fitur mikropon buat karaoke yaa menyebalkan padahal buat karaokean,2025-04-30 13:07:35,negative
Ana Hafidho,5,ok,2025-04-30 13:05:51,positive
Adekal Al,5,bagus banget terima kasih ğŸ™,2025-04-30 13:05:40,positive
Gede Gutawa,5,bagus banget,2025-04-30 12:58:13,positive
Adly Firansyah,5,mantap,2025-04-30 12:57:15,positive
Lucky Senpai (Wbnlp),5,makin hari makin banyak kikir aja kaya capcut,2025-04-30 12:54:18,positive
Yohana Marbun,5,ini sangat bagus untuk menemani saya saat sendirian,2025-04-30 12:50:38,positive
Kancil Prozeck,5,"baik, cocok buat dengerin laguu favorit",2025-04-30 12:49:30,positive
jati lueh,4,bagus seperti aslinya .,2025-04-30 12:44:47,positive
Ken Boy,5,mantap bossss,2025-04-30 12:43:06,positive
Kayla Zahra,5,bgus,2025-04-30 12:38:29,positive
Atika Zahra,5,suka banget,2025-04-30 12:33:33,positive
Neisya Aliefiya,5,bagusğŸ‘ğŸ»ğŸ‘ğŸ»,2025-04-30 12:33:20,positive
shafiyah yuhanada chumairoo,5,bagus bgtğŸŒºğŸ˜ŠğŸ˜,2025-04-30 12:20:29,positive
Fici Kohana,1,Ga bisa download kalo ga premium.. maafğŸ™,2025-04-30 12:20:24,negative
Ahmad Yani,5,terbaik,2025-04-30 12:18:04,positive
Tian Vano,5,Sangat Bagussss,2025-04-30 12:05:54,positive
Callysta Yudistira,5,bagus bisa sambil main Roblox,2025-04-30 12:02:24,positive
Nalendria Aditya,5,iklan nya dikit aja woey jangan banyak banyak,2025-04-30 11:53:08,positive
Samsung A065G,4,aplikasi yg bagus cmn prlu dprbaiki lagunya kurang lengkap,2025-04-30 11:29:08,positive
Heck,5,bagus bangett,2025-04-30 11:26:32,positive
Bambang Erdogan,5,bagus bgtğŸ™ğŸ»ğŸ’—,2025-04-30 11:09:16,positive
Iwan Samudra,5,sangat membantu banyak lagu yg bisa menenangkan pikiran...,2025-04-30 11:06:00,positive
Haerul Amni,5,aplikasi utk mndengar musik terbaik,2025-04-30 10:57:29,positive
Santika Maharani R.M,4,bagus tapi ada iklan nya bikin emosiğŸ˜©,2025-04-30 10:54:22,positive
Sainal Abidin,5,Aplikasi Spotify sangat berarti bisa mendengar lagu lagu dan bisa men Download lagu apa saja,2025-04-30 10:47:44,positive
Marsha dber,5,bagus banget,2025-04-30 10:45:51,positive
Farhan Jago,4,kelas buat sad,2025-04-30 10:44:55,positive
Hizkia Panjaitan,5,sangat baik,2025-04-30 10:43:26,positive
Ciko Ciko,5,gacor,2025-04-30 10:38:03,positive
Irsan Des,5,apl ini bagus sangat bagus! Bersyukur bisa tau apl Spotify. semangat Developer ğŸƒ,2025-04-30 10:34:23,positive
Ricky Reba,5,bagus banget,2025-04-30 10:32:50,positive
Selfi Hermansyah,5,sangat asyik mendengarkan lagu sambil belajar membuat aku lebih tenangğŸ« ğŸ« ğŸ« ,2025-04-30 10:20:42,positive
Soni Fahrizal,5,Aplikasi yang bagus untuk pencinta musik seprti ku salam spotify!,2025-04-30 10:19:47,positive
Tresno Tresni,5,enak aplikasinya dah itu aja,2025-04-30 10:13:44,positive
Alzex Xia,5,enjoyy,2025-04-30 10:10:24,positive
Andri Yani,1,setiap aku mau nytel lagu yng udh aku suka ga busa harus premium terus dan banyak iklan!!,2025-04-30 10:10:08,negative
Sunami Sunami,5,nice,2025-04-30 09:51:42,positive
Satriooo? Rizzz,5,keren!,2025-04-30 09:40:39,positive
And restu,1,ga bisa login selalu terjadi kesalahan,2025-04-30 09:35:39,negative
Aprilia Vhe,4,GK banyak alasan yg pastinya bagus bgt ğŸ‘ŒğŸ»ğŸ‘ŒğŸ»,2025-04-30 09:32:44,positive
trisna elhaq,5,bagus,2025-04-30 09:30:30,positive
Alifa Zahra,5,keren,2025-04-30 09:28:01,positive
Dakwah Islam,5,mantap,2025-04-30 09:21:06,positive
Double Clickzzz,1,"tolongdong ada fitur hilangin playlist ""baru di putar"" temen gw mencet playlist gajelas mau gw ilangin bahkan sampai ke kontak support tapi gak bisa hilang",2025-04-30 09:02:49,negative
Ss.Skinart,5,So far enak wat jelajah dan mendengar lagu,2025-04-30 08:52:36,positive
Nabila ra,1,"rekomendasi lagunya gak cocok, masa direkom lagu india trs pdahal gak pernah denger lagu-lagu india",2025-04-30 08:51:48,negative
Dessy Natalia,5,nice,2025-04-30 08:50:59,positive
pro lite,5,bagus,2025-04-30 08:33:44,positive
Bara Keisya al fathir,5,aplikasi ini bagus tapi sering ada iklan,2025-04-30 08:33:24,positive
Aldi Rudiatman,4,mantappp..memuaskan,2025-04-30 08:27:27,positive
Tarsih Sanjaya 02,5,suara nya bagus dan elegan,2025-04-30 08:20:56,positive
Ambo Nai,5,sangat asik,2025-04-30 08:19:36,positive
mama aya,5,bagus,2025-04-30 08:17:31,positive
Ayam Sakit,5,keren sih semua lagu ada disini kerennn,2025-04-30 08:09:13,positive
Rani Nukarji,5,sangat keren saya suka,2025-04-30 07:58:29,positive
Aidil destia,5,mantap,2025-04-30 07:57:19,positive
Nurmalasari risma,5,banyak lagu yang bisa saya dengar,2025-04-30 07:50:54,positive
Assyifa rachael Septiana,2,kenapa setiap dengerin musik mau lihat liriknya selalu ga ada kosong padahal udah coba download ulang masih aja sama gimana ini?,2025-04-30 07:49:46,negative
Masalah,5,ğŸ‘,2025-04-30 07:38:55,positive
Nur Lela,5,Seru sekali sangat bagusğŸ‘ğŸ¤©,2025-04-30 07:29:04,positive
Rafli,5,bagus banget,2025-04-30 07:12:02,positive
Riski Safari,5,keren bgt l,2025-04-30 07:09:43,positive
Ferry Kurniawan,5,ğŸ‘ğŸ»,2025-04-30 07:07:16,positive
Meng-hongchen Hongchen,5,asek klo lagi main poly buzz,2025-04-30 06:57:30,positive
Rintol Febri,5,"keren,banyak pilihan lagu favorit",2025-04-30 06:53:57,positive
Altap Aska,5,bagus banget buat main game,2025-04-30 06:44:37,positive
inzul Izul,5,sangat bagus untuk mendengarkan lagu/dj,2025-04-30 06:40:11,positive
Nazih ElAwwab,5,bagus dan ega ada iklan,2025-04-30 06:33:36,positive
Salwa Marwah,5,lagunya seru pertimbangkan terus spotfy semangattttt,2025-04-30 06:33:27,positive
Tesalonika,1,deskripsi saya bagus si,2025-04-30 06:30:56,negative
Ibnu Maulana,5,ğŸ‘ğŸ»,2025-04-30 06:21:11,positive
Amanda Tysani,5,syuka banget,2025-04-30 06:14:22,positive
Siksen Ramadan,5,bagus buat main gem sambil dengerin lagu enak pokoknya,2025-04-30 06:09:37,positive
Dimas Nugi Pratama,5,kasi saran untuk iklan nya min masih ke ngganggu .,2025-04-30 06:05:45,positive
Febri Dok,5,gud,2025-04-30 06:04:23,positive
Yves,5,"ya, bagus",2025-04-30 06:03:09,positive
A'ah AiraArsyi,4,bwagussss cuma iklannya rada kebanyakan hehe,2025-04-30 06:01:31,positive
Saiful Hadi,5,bagus,2025-04-30 05:53:05,positive
Syauqi 2008,5,Lagunya bagus ğŸ‘ ada lagu fong,2025-04-30 05:51:39,positive
Jim Miazurra,5,bgs bangget,2025-04-30 05:47:44,positive
Jajang Suparman,5,bagus banget,2025-04-30 05:47:39,positive
Ida Bagus Komang Yudiartana I7I0I809,5,the best you got,2025-04-30 05:37:22,positive
Djie Ica,5,buagus bet,2025-04-30 05:35:05,positive
auah gelap,2,"Tolong background lirik dibenerin contoh Apple musik background liriknya bagus gak bikin sakit di mata. Udah dari lama kasih saran ini tapi sampe update.an skrng msh blm evaluasi parah,mata gue sakit!. Okelah bisa bisa pke mode hitam putih tp ribet!.",2025-04-30 05:30:41,negative
Balqiss Fakhru ardila,5,gak lemot sama sekalii,2025-04-30 05:23:17,positive
Ghass Kya,5,kadang nge lag aja. tapi bagus kokğŸ‘ğŸ»ğŸ«¶ğŸ»,2025-04-30 05:22:23,positive
Riayani Ahmad,5,good job,2025-04-30 05:18:01,positive
Aqila Qila,5,seru banget sih tapi banyak iklan tapi gpp nya penting aku setiap hari aku dengerin spotity hehehe karna seru bisa dengerin lagu nya kalian harus punya aplikasi ini deh kalau ga punya sayang banget,2025-04-30 05:05:03,positive
Syifa Izatul,5,sukaa bgt dengerin laguu dispotify kloo lgi ngrjain tugas psti smbil dngirn laguu dispotify,2025-04-30 04:32:49,positive
Faiq Krto,5,saya sangat suka aplikasi ini,2025-04-30 04:23:10,positive
Nazjuan Mutiasari,5,SUKAAAAA,2025-04-30 04:11:06,positive
B_sa_to2 Channel,5,good,2025-04-30 04:10:46,positive
Hendri Pangaribuan,5,mantap dan asyik,2025-04-30 03:54:48,positive
Andri Irawan,5,Mantapppp,2025-04-30 03:47:39,positive
Dewi Aprilia,5,bagus bagus bangett lagunya aku suka,2025-04-30 03:39:27,positive
Butep Tng,5,memuaskan,2025-04-30 03:17:08,positive
Nb Mubarak,1,ini aku mau login aja dipersusah udh masukin sandi dibilang sandi salah padahal udh aku ubah masih gk bisa,2025-04-30 03:16:04,negative
Omar FA Saladin,5,ğŸ‘ğŸ¼ğŸ‘ğŸ¼ğŸ‘ğŸ¼,2025-04-30 02:58:51,positive
dodik cahyono,5,joosss kereeeen,2025-04-30 02:54:45,positive
Talita Sakhi,5,bagus,2025-04-30 02:48:18,positive
Ivan Mertayasa,5,bagus,2025-04-30 02:44:28,positive
AGHA MUAZZAM,5,sangat bagus,2025-04-30 02:43:08,positive
Riza Al Fahri,5,keren bisa denher lagi sepuasmu,2025-04-30 02:41:25,positive
Bani,1,Kikir,2025-04-30 02:35:31,negative
Rohadi Grab,5,kerebis.....keren abisssssssssss...,2025-04-30 02:34:46,positive
Ivanpowerspeed Powerspeed,5,Best spotify,2025-04-30 02:27:26,positive
Ghaitsa Ku,5,bagus si tapi engga premium ak nya,2025-04-30 02:26:11,positive
Budy Umbara,5,suka banget,2025-04-30 02:13:17,positive
Zul Fahri,5,good,2025-04-30 02:10:24,positive
Muhammad Dhafir abbad,5,seru,2025-04-30 02:07:36,positive
Aif Ariefin,5,sangat membantu sekali,2025-04-30 01:52:57,positive
Faza,5,lagu nya enak banget udh gratis bisa matiin hp lgi,2025-04-30 01:37:52,positive
Hecprofer,5,Premium apaan dh gak jelas search lagu biasa aja malah suruh premium eekğŸ˜¡ğŸ˜¡ğŸ˜¡,2025-04-30 01:31:46,positive
Danish Adelard,5,lagunya udah bagus,2025-04-30 01:12:58,positive
HUSNA,5,"Spotify bagus, seneng endang aplikasi ini. Karena Tampa iklan. Sangkar puas.",2025-04-30 01:09:01,positive
De Ka,4,bagus,2025-04-30 01:02:28,positive
asmadi madi,4,boleh lah,2025-04-30 01:01:54,positive
Rahma Syahwa,5,"hallo, musik yang ada di spotity ini sangat nyaman untuk dan asik walaupun ada banyak iklan tp seru aja kalau dengerin lagu di sportity ini",2025-04-30 00:58:38,positive
Helena Jaherlin,5,good app,2025-04-30 00:53:11,positive
Anton Fadhil,5,good,2025-04-30 00:34:23,positive
Verone Gabe,5,ğŸ«°ğŸ«°ğŸ«°,2025-04-30 00:33:56,positive
Solo Raya,5,saya suka dengarkan lagu lagu pada aplikasi spotify...bagus...,2025-04-30 00:13:27,positive
Mahesa Tegar,4,saingannya Yt music nih,2025-04-30 00:09:35,positive
Rezky Rodiansyah,5,"Bagus, tp jgn semua prem gada duit ğŸ˜Š",2025-04-30 00:09:15,positive
Cecep Fajar,5,the best music applications ğŸ’¯,2025-04-29 23:44:46,positive
Fathul Jannah,5,"Aplikasi ter THE BEST, suka bgtt dengar lagu di spotify sampe punya banyak playlist. Spotify jangan berubah yaa tetap jadi spotify yg kita kenal, tpi klo berubah jadi yg terbaik ga papa. luv luv ğŸ¤—ğŸ¤—",2025-04-29 23:43:12,positive
Frengko Tortuga,5,luar biasa,2025-04-29 23:19:00,positive
Msdalifah mw,3,kenapa akhir-akhir ini Spotify suka mati sendiri ???,2025-04-29 23:11:22,neutral
Armonia asri Wahyuni,5,"aplikasi nya bagus mudah untuk mencari, dan musik nya lengkap.",2025-04-29 22:46:30,positive
Yuda Prasetya Lampung,5,Not bad,2025-04-29 22:21:21,positive
Rizal Fauzi,3,"agak disayangkan tidak ada paket perminggu, malah jadi bulanan, padahal tidak setiap bulan dengerin musik",2025-04-29 22:14:57,neutral
Simpey Enjel,1,"spotify banyak iklan, pas cari lagu ini malah keluar lagu lain!! kembalikan spotify ku yg duluu!!",2025-04-29 21:52:33,negative
Maz Rulz,5,ğŸ‘,2025-04-29 21:22:23,positive
Asyraf Asyraf khairul azam,5,bagus,2025-04-29 20:41:33,positive
Chandra Putra,5,ğŸ‘ğŸ‘ğŸ‘ğŸ‘,2025-04-29 20:12:23,positive
Bagus jati Dwi Saputra,5,sangat bermanfaat,2025-04-29 20:10:13,positive
RATU ZAUYANARA,4,4dulu nati kalau udah nyamanan bisalah naik lagi ke 5,2025-04-29 17:41:24,positive
Saf Rizal,5,oke jos,2025-04-29 17:33:59,positive
Bakso Angel,5,mantappp,2025-04-29 17:27:11,positive
Ari Alfiansyah,5,jgan ada iklan yah,2025-04-29 17:24:34,positive
Ray Okta,5,sangat puas,2025-04-29 17:17:35,positive
Irawan Ade,5,love love love,2025-04-29 17:12:33,positive
Angga,5,keren sekali,2025-04-29 17:12:11,positive
alif alfarisky,5,sangat baik,2025-04-29 17:04:35,positive
maryam wonogiri,5,jadi bisa ndenggerin lagi sambil main game dehğŸ˜ŠğŸ˜Š,2025-04-29 17:01:47,positive
Hengki Hengki,5,bagus. bikin nambah asing,2025-04-29 16:56:53,positive
Alfin Atep,1,sekarang banyak sekali ilklan. sdh tdk rekomended bgt.. setelah 2th akhirny hrs hps spotify,2025-04-29 16:53:21,negative
Bilal Ahmad,5,bagus,2025-04-29 16:47:24,positive
Ayu Sigli,5,Good,2025-04-29 16:45:09,positive
Anda,3,"bagus, tapi tolong lah jadi gratis aja, kek dulu, kita belum tentu kaya. tiba-tiba jadi premium. agak kesal. gak apa-apa ada iklan asal jangan premium:( lagi sedih sedih nya di suguhi prem",2025-04-29 16:31:12,neutral
andre krisdiantoro,5,5 bintang,2025-04-29 16:30:51,positive
Fahrul Ependi Harahap,1,"kembalikan spotify mingguan nya kim@g, jangan di hapus",2025-04-29 16:22:32,negative
Rosa Panjaitan,2,gak bisa pake lirik nya lirik nya gak muncul kenapa lirik nya dak ada teks nya jadi gak bisa baca jadi harus buka lirik lagu di google,2025-04-29 16:13:51,negative
Ridhohulopango Ridho,5,bagus,2025-04-29 15:54:29,positive
Fahmi Ferdiansyah,1,aplikasi kikir,2025-04-29 15:46:36,negative
